wavelength_nm,angle=0|pol=p|R,angle=0|pol=s|R,angle=30|pol=p|R,angle=30|pol=s|R,angle=45|pol=p|R,angle=45|pol=s|R
450.0,0.019618875366515458,0.019618875366515458,0.0036297884493572546,0.00205940682687168,0.036643474470843714,0.010460914432739107
450.25,0.018760310849833157,0.018760310849833157,0.0037462125771643815,0.0020816501219837404,0.03657542422078365,0.01048915279808901
450.5,0.017932930307143356,0.017932930307143356,0.0038625849483107815,0.0021051945748988207,0.03650240771708278,0.010518310906093729
450.75,0.017135961094181574,0.017135961094181574,0.003978758089678927,0.002129851009004586,0.03642448258844599,0.010548434460271691
451.0,0.01636863661539077,0.01636863661539077,0.004094590534232501,0.002155439531181738,0.03634170732923108,0.010579567937565391
451.25,0.015630196813624674,0.015630196813624674,0.0042099466918244935,0.0021817892903864757,0.036254141261870855,0.010611754549729973
451.5,0.014919888632906057,0.014919888632906057,0.004324696720935193,0.0022087382386044227,0.03616184450003452,0.01064503620730058
451.75,0.014236966454684669,0.014236966454684669,0.004438716401411202,0.002236132894310437,0.0360648779125209,0.010679453486087608
452.0,0.013580692508076279,0.013580692508076279,0.004551887008272193,0.002263828108558136,0.03596330308786316,0.010715045596135096
452.25,0.01295033725459465,0.01295033725459465,0.004664095186644401,0.0022916868338097316,0.035857182299637115,0.010751850353084761
452.5,0.012345179747914986,0.012345179747914986,0.004775232827880458,0.002319579895607651,0.03574657847245394,0.010789904151891915
452.75,0.01176450796923794,0.01176450796923794,0.0048851969469140815,0.002347385767178671,0.0356315551486269,0.010829241942831453
453.0,0.011207619138839865,0.011207619138839865,0.004993889560899269,0.002374990347051264,0.03551217645549766,0.010869897209739767
453.25,0.01067382000442083,0.01067382000442083,0.005101217569176313,0.002402286739757482,0.035388507073411714,0.010911901950437388
453.5,0.010162427106868332,0.010162427106868332,0.005207092634605297,0.0024291750396845963,0.03526061220432504,0.010955286659273093
453.75,0.009672767024082632,0.009672767024082632,0.005311431066300515,0.0024555621181290422,0.035128557541035256,0.011000080311738533
454.0,0.009204176593506004,0.009204176593506004,0.005414153703801125,0.0024813614136039884,0.034992409237021856,0.011046310351094971
454.25,0.00875600311401742,0.00875600311401742,0.0055151858027038475,0.0025064927254379275,0.034852233876883604,0.011094002676961924
454.5,0.008327604527854592,0.008327604527854592,0.00561445692178636,0.002530882010700676,0.034708098447363174,0.011143181635809562
454.75,0.00791834958323497,0.00791834958323497,0.005711900811640666,0.0025544611844842777,0.034560070308946866,0.011193870013305072
455.0,0.007527617978341441,0.007527617978341441,0.005807455304839665,0.0025771679235598345,0.034408217168026854,0.01124608902846013
455.25,0.007154800487348375,0.007154800487348375,0.005901062207651217,0.0025989454734292885,0.03425260704961884,0.01129985832952305
455.5,0.006799299069154687,0.006799299069154687,0.005992667193315517,0.002619742458781543,0.03409330827061757,0.011355195991570421
455.75,0.006460526959489859,0.006460526959489859,0.006082219696898226,0.0026395126973617817,0.03393038941359081,0.011412118515741589
456.0,0.0061379087470554055,0.0061379087470554055,0.0061696728117284876,0.002658215017255957,0.03376391930108876,0.011470640830066825
456.25,0.005830880434358481,0.005830880434358481,0.00625498318742825,0.002675813077589321,0.0335939669704704,0.011530776291840645
456.5,0.00553888948388183,0.00553888948388183,0.006338110929542519,0.00269227519263438,0.03342060164922877,0.011592536691487612
456.75,0.005261394850235389,0.005261394850235389,0.0064190195007693355,0.0027075741593195145,0.033243892730812616,0.011655932257873699
457.0,0.004997866998913745,0.004997866998913745,0.006497675623795127,0.0027216870881265234,0.033063909750929245,0.011720971665012625
457.25,0.0047477879122839696,0.0047477879122839696,0.0065740491857339675,0.0027345952373637314,0.03288072236432409,0.01178766204012009
457.5,0.004510651083409619,0.004510651083409619,0.006648113144169871,0.0027462838507957854,0.03269440032202631,0.011856008972968502
457.75,0.00428596149830688,0.00428596149830688,0.006719843434800046,0.0027567419986125863,0.03250501344905242,0.011926016526492736
458.0,0.004073235607218553,0.004073235607218553,0.00678921888067381,0.002765962421713848,0.032312631622559276,0.01199768724860321
458.25,0.0038720012854735774,0.0038720012854735774,0.006856221103023319,0.0027739413792865473,0.03211732475044045,0.012071022185158528
458.5,0.0036817977844895836,0.0036817977844895836,0.006920834433676893,0.002780678499648974,0.031919162750354724,0.012146020894051486
458.75,0.003502175673461284,0.003502175673461284,0.006983045829051969,0.0027861766343345445,0.031718215529183226,0.012222681460366367
459.0,0.003332696772259601,0.003332696772259601,0.007042844785714184,0.002790441715386408,0.03151455296290235,0.012301000512557817
459.25,0.0031729340760582566,0.0031729340760582566,0.007100223257495012,0.002793482615832031,0.03130824487687468,0.012380973239614523
459.5,0.0030224716721808246,0.0030224716721808246,0.007155175574159477,0.002795311013308179,0.031099361026538173,0.012462593409157851
459.75,0.0028809046496544163,0.0028809046496544163,0.0072076983616082635,0.0027959412568006065,0.030887971078499058,0.012545853386436556
460.0,0.0027478390019341423,0.0027478390019341423,0.0072577904636070435,0.002795390236469603,0.030674144592014296,0.012630744154175607
460.25,0.0026240552783298805,0.0026240552783298805,0.007307616348094018,0.002795164006127364,0.030468886332932543,0.012722260685072978
460.5,0.0025077815946902104,0.0025077815946902104,0.0073551380360167,0.0027938916250246247,0.03026136909720714,0.012815346222571815
460.75,0.0023986752897667625,0.0023986752897667625,0.007400358626780702,0.002791594120553612,0.030051656891155774,0.012909986112657531
461.0,0.002296403404976581,0.002296403404976581,0.00744328300209284,0.0027882943989628083,0.02983981357388436,0.013006164517037325
461.25,0.002200642569951467,0.002200642569951467,0.007483917761608274,0.002784017140844064,0.029625902842284745,0.013103864435512739
461.5,0.002111078884193891,0.002111078884193891,0.007522271159874626,0.0027787886992118763,0.029409988216352823,0.013203067728872597
461.75,0.002027407795159754,0.002027407795159754,0.007558353044562386,0.002772637000140816,0.029192133024821865,0.013303755142275699
462.0,0.0019493339730717132,0.0019493339730717132,0.007592174795964723,0.0027655914459286234,0.028972400391104974,0.013405906329086472
462.25,0.0018765711827592017,0.0018765711827592017,0.0076237492677551704,0.0027576828207498023,0.028750853219543765,0.013509499875138668
462.5,0.0018088421528050455,0.0018088421528050455,0.007653090728985186,0.0027489431987665876,0.028527554181955992,0.013614513323385617
462.75,0.001745878442269404,0.001745878442269404,0.00768021480731117,0.0027394058546637797,0.028302565704482478,0.013720923198916575
463.0,0.0016874203052475393,0.0016874203052475393,0.007705138433431104,0.0027291051765723586,0.02807594995472218,0.01382870503430231
463.25,0.0016332165535089041,0.0016332165535089041,0.007727879786719074,0.002718076581348656,0.02784776882915872,0.01393783339523997
463.5,0.0015830244174513907,0.0015830244174513907,0.007748458242042244,0.00270635643217534,0.02761808394086961,0.014048281906476922
463.75,0.0015366094055960042,0.0015366094055960042,0.007766894317742959,0.002693981958449429,0.027386956607514445,0.014160023277971221
464.0,0.0014937451628347733,0.0014937451628347733,0.007783209624772571,0.0026809911779249185,0.027154447839599475,0.01427302933127633
464.25,0.0014542133276347405,0.0014542133276347405,0.0077974268169603705,0.0026674228210753653,0.02692061832901736,0.014387271026110551
464.5,0.0014178033883915206,0.0014178033883915206,0.0078095695424037735,0.002653316257643324,0.026685528437850395,0.01450271848709341
464.75,0.0013843125391159747,0.0013843125391159747,0.007819662395961996,0.002638711425343763,0.026449238187445094,0.014619341030618738
465.0,0.001353545534626761,0.001353545534626761,0.007827730872839002,0.0026236487606874147,0.026211807247743243,0.014737107191841244
465.25,0.0013253145454143495,0.0013253145454143495,0.007833801323241536,0.0026081691318923217,0.025973294926875532,0.01485598475175171
465.5,0.0012994390123316354,0.0012994390123316354,0.007837900908094393,0.002592313773849858,0.025733760161007858,0.014975940764318523
465.75,0.0012757455012591657,0.0012757455012591657,0.007840057555797978,0.0025761242251130063,0.02549326150444115,0.015096941583669646
466.0,0.0012540675578827044,0.0012540675578827044,0.007840299920015706,0.0025596422668754102,0.025251857119958847,0.015218952891295403
466.25,0.0012342455627154698,0.0012342455627154698,0.007838657338471854,0.002542909863907965,0.025009604769422898,0.015341939723250729
466.5,0.0012161265864871111,0.0012161265864871111,0.007835159792747844,0.0025259691074219783,0.024766561804609077,0.015465866497331629
466.75,0.001199564246016605,0.001199564246016605,0.007829837869060087,0.00250886215982719,0.024522785158286615,0.015590697040210908
467.0,0.0011844185606767349,0.0011844185606767349,0.00782272272000528,0.0024916312013532676,0.024278331335531807,0.01571639461451051
467.25,0.001170555809553301,0.001170555809553301,0.007813846027257498,0.002474318378503827,0.024033256405278577,0.015842921945790928
467.5,0.0011578483893935406,0.0011578483893935406,0.007803239965204369,0.0024569657543122227,0.02378761599209995,0.015970241249441238
467.75,0.0011461746734340132,0.0011461746734340132,0.0077909371655032035,0.0024396152603681134,0.02354146526821937,0.01609831425744839
468.0,0.0011354188711904924,0.0011354188711904924,0.007776970682548833,0.002422308650586041,0.023294858945748738,0.016227102245035367
468.25,0.0011254708892875424,0.0011254708892875424,0.0077613739598322955,0.002405087456683506,0.02304785126915074,0.016356566057143085
468.5,0.001116226193400359,0.001116226193400359,0.007744180797181062,0.0023879929453416,0.022800496007924206,0.01648666613474648
468.75,0.0011075856713746823,0.0011075856713746823,0.007725425318863629,0.0023710660770161545,0.022552846449506173,0.016617362540986273
469.0,0.0010994554975876432,0.0010994554975876432,0.007705141942545935,0.002354347466372218,0.022304955392395596,0.01674861498710424
469.25,0.0010917469986059792,0.0010917469986059792,0.007683365349084523,0.002337877344311054,0.022056875139486638,0.016880382858163005
469.5,0.0010843765201941453,0.0010843765201941453,0.007660130453145461,0.0023216955215628475,0.021808657491620895,0.017012625238546297
469.75,0.0010772652957210297,0.0010772652957210297,0.007635472374629593,0.0023058413538146806,0.021560353741343286,0.01714530093721253
470.0,0.0010703393160086123,0.0010703393160086123,0.0076094264108984636,0.002290353708346769,0.02131201466687225,0.01727836851270538
470.25,0.0010633795999999162,0.0010633795999999162,0.007585336221456225,0.00227733783284406,0.02107267355837969,0.01741527726426622
470.5,0.0010564988778987826,0.0010564988778987826,0.007559964509029121,0.0022647586378605586,0.020833333260366762,0.017552460539836567
470.75,0.0010496389355987461,0.0010496389355987461,0.0075333439771231156,0.0022526500553067884,0.020594039990799496,0.017689877056023387
471.0,0.0010427455296142321,0.0010427455296142321,0.00750550740682885,0.002241045448193963,0.020354839483077723,0.01782748541289622
471.25,0.001035768274095351,0.001035768274095351,0.00747648763500043,0.002229977587179221,0.02011577698147323,0.017965244115782313
471.5,0.001028660529341823,0.001028660529341823,0.007446317533088067,0.00221947862832771,0.019876897236741506,0.018103111596759022
471.75,0.0010213792918352404,0.0010213792918352404,0.007415029986610889,0.002209580092064906,0.0196382445019047,0.01824104623583757
472.0,0.0010138850858052025,0.0010138850858052025,0.007382657875258245,0.0022003128432985827,0.019399862528204807,0.018379006381831885
472.25,0.0010061418563435279,0.0010061418563435279,0.0073492340536115384,0.002191707072682199,0.01916179456122645,0.018516950372906186
472.5,0.00099811686407823,0.00099811686407823,0.007314791332470255,0.0021837922789995387,0.018924083337183352,0.01865483655679652
472.75,0.0009897805814171419,0.0009897805814171419,0.007279362460778136,0.0021765972526443028,0.018686771079372742,0.018792623310698378
473.0,0.0009811065903693197,0.0009811065903693197,0.0072429801081319144,0.002170150060173418,0.018449899494789944,0.01893026906081694
473.25,0.0009720714819501978,0.0009720714819501978,0.007205676847867517,0.0021644780299089916,0.01821350977090661,0.019067732301576577
473.5,0.0009626547571751099,0.0009626547571751099,0.007167485140710784,0.002159607738567251,0.01797764257260597,0.01920497161448225
473.75,0.0009528387296447727,0.0009528387296447727,0.007128437318981125,0.0021555649988905237,0.017742338039278542,0.01934194568663152
474.0,0.0009426084297234018,0.0009426084297234018,0.007088565571342309,0.002152374848261037,0.017507635782072126,0.019478613328874978
474.25,0.0009319515103108646,0.0009319515103108646,0.00704790192808515,0.002150061538272212,0.01727357488129676,0.01961493349361585
474.5,0.0009208581542068327,0.0009208581542068327,0.007006478246935286,0.0021486485252370327,0.01704019388398263,0.019750865292255722
474.75,0.0009093209830657286,0.0009093209830657286,0.006964326199376261,0.0021481584616098873,0.016807530801590028,0.01988636801227396
475.0,0.0008973349679382978,0.0008973349679382978,0.006921477257476723,0.002148613188301318,0.01657562310786683,0.020021401133947354
475.25,0.0008848973413964359,0.0008848973413964359,0.006877962681212199,0.0021500337278624482,0.0163445077368558,0.02015592434670163
475.5,0.000872007511235393,0.000872007511235393,0.006833813506274816,0.002152440278519642,0.01611422108104724,0.020289897565099625
475.75,0.0008586669757474796,0.0008586669757474796,0.006789060532357144,0.0021558522090358995,0.015884798989676433,0.02042328094445825
476.0,0.0008448792405604361,0.0008448792405604361,0.006743734311904745,0.0021602880543785917,0.015656276767164155,0.020556034896101888
476.25,0.0008306497370328191,0.0008306497370328191,0.006697865139326183,0.002165765512174168,0.015428689171698408,0.020688120102241397
476.5,0.0008159857421976083,0.0008159857421976083,0.006651483040652733,0.0021723014399263976,0.015202070413956794,0.020819497530491046
476.75,0.0008008963002457438,0.0008008963002457438,0.00660461776363789,0.002179911852979383,0.014976454155966084,0.020950128448010842
477.0,0.0007853921455390436,0.0007853921455390436,0.006557298768288298,0.00218861192320457,0.014751873510098748,0.021079974435284667
477.25,0.0007694856271434856,0.0007694856271434856,0.006509555217818017,0.0021984159783913887,0.014528361038204839,0.02120899739952853
477.5,0.0007531906348710583,0.0007531906348710583,0.006461415970015962,0.0022093375023214067,0.014305948750876658,0.021337159587733905
477.75,0.0007365225268197111,0.0007365225268197111,0.006412909569020697,0.002221389135506731,0.01408466810684597,0.021464423599344157
478.0,0.0007194980583998127,0.0007194980583998127,0.006364064237491675,0.002234582676572956,0.013864550012510874,0.021590752398568152
478.25,0.000702135312835085,0.000702135312835085,0.006314907869168726,0.0022489290842662457,0.013645624821591167,0.021716109326329308
478.5,0.0006844536331254613,0.0006844536331254613,0.006265468021815516,0.00226443848006695,0.013427922334911913,0.021840458111857003
478.75,0.0006664735554601601,0.0006664735554601601,0.006215771910532482,0.002281120151389783,0.013211471800310398,0.021963762883915987
479.0,0.0006482167440666978,0.0006482167440666978,0.006165846401436897,0.0022989825553517843,0.012996301912668639,0.022085988181680737
479.25,0.0006297059274843092,0.0006297059274843092,0.006115718005700728,0.0023180333230898974,0.012782440814067896,0.02220709896525684
479.5,0.0006109648362473566,0.0006109648362473566,0.006065412873935766,0.0023382792646092433,0.01256991609406278,0.022327060625847446
479.75,0.0005920181419653138,0.0005920181419653138,0.006014956790922242,0.002359726374144898,0.012358754790075508,0.02244583899557358
480.0,0.0005728913977859071,0.0005728913977859071,0.005964375170671432,0.0023823798360178457,0.012148983387906294,0.02256340035694737
480.25,0.000554009508549868,0.000554009508549868,0.0059164767255451885,0.00240730274586895,0.011946611930627784,0.022682328916162457
480.5,0.0005350124938863827,0.0005350124938863827,0.005868475172909638,0.00243338363451066,0.011745582715707775,0.02279997321993784
480.75,0.0005159262707475997,0.0005159262707475997,0.005820393053673428,0.002460624203262964,0.011545919478219806,0.022916301867884938
481.0,0.000496777369885248,0.000496777369885248,0.005772252555580785,0.002489025429705753,0.011347645449012582,0.023031283935397974
481.25,0.0004775928868923648,0.0004775928868923648,0.00572407551020783,0.0025185875755295256,0.011150783355643555,0.0231448889806935
481.5,0.00045840043444694676,0.00045840043444694676,0.005675883390220842,0.0025493101947342994,0.010955355423407543,0.023257087051546596
481.75,0.0004392280957433916,0.0004392280957433916,0.005627697306890448,0.00258119214216189,0.010761383376458033,0.023367848691729275
482.0,0.0004201043790990788,0.0004201043790990788,0.005579538007856583,0.002614231582346882,0.010568888439023,0.023477144947150367
482.25,0.0004010581737218045,0.0004010581737218045,0.005531425875137093,0.002648425998672638,0.010377891336710706,0.023584947371709377
482.5,0.0003821187066249029,0.0003821187066249029,0.005483380923373972,0.002683772202816156,0.010188412297904908,0.023691228032858287
482.75,0.0003633155006762637,0.0003633155006762637,0.005435422798312323,0.0027202663444699966,0.010000471055248506,0.023795959516881748
483.0,0.0003446783337678332,0.0003446783337678332,0.0053875707755039436,0.0027579039213249316,0.009814086847214645,0.02389911493389739
483.25,0.00032623719909148294,0.00032623719909148294,0.005339843759232187,0.0027966797893023646,0.009629278419761753,0.024000667922580845
483.5,0.0003080222665083367,0.0003080222665083367,0.00529226028164967,0.0028365881730207762,0.009446064028073397,0.02410059265461867
483.75,0.00029006384499734447,0.00029006384499734447,0.005244838502127141,0.002877622676484562,0.009264461438380549,0.02419886383889459
484.0,0.000272392346169683,0.000272392346169683,0.0051975962068018175,0.0029197762939812575,0.00908448792986387,0.024295456725411987
484.25,0.0002550382488355853,0.0002550382488355853,0.005150550808326061,0.0029630414211756608,0.008906160296636363,0.02439034710895772
484.5,0.00023803206460969054,0.00023803206460969054,0.0051037193458070736,0.00300740986638658,0.008729494849803981,0.024483511332511153
484.75,0.0002214043045416099,0.0002214043045416099,0.00505711848493226,0.003052872862036049,0.008554507419602233,0.024574926290402168
485.0,0.00020518544675807434,0.00020518544675807434,0.00501076451827753,0.0030994210762573604,0.008381213357608568,0.024664569431223988
485.25,0.00018940590510323728,0.00018940590510323728,0.00496467336579066,0.003147044624650743,0.00820962753902837,0.024752418760502982
485.5,0.0001740959987635486,0.0001740959987635486,0.004918860575445265,0.0031957330821748035,0.00803976436505252,0.02483845284313081
485.75,0.00015928592286387365,0.00015928592286387365,0.004873341324061122,0.0032454754951634513,0.007871637765286587,0.024922650805563835
486.0,0.00014500572002153697,0.00014500572002153697,0.004828130418285921,0.0032962603934557906,0.007705261200249424,0.025004992337792943
486.25,0.00013128525284462024,0.00013128525284462024,0.00478324229573064,0.0033480758026284054,0.007540647663938535,0.025085457695088676
486.5,0.00011815417736153581,0.00011815417736153581,0.004738691026258445,0.003400909256320785,0.007377809686463503,0.02516402769952523
486.75,0.00010564191736841695,0.00010564191736841695,0.0046944903134183156,0.0034547478086415892,0.00721675933674294,0.025240683741290175
487.0,9.377763968110913e-05,9.377763968110913e-05,0.004650653496020016,0.0035095780466465657,0.007057508225266592,0.025315407779778643
487.25,8.259023027848398e-05,8.259023027848398e-05,0.004607193549846725,0.0035653861028787067,0.006900067506917933,0.025388182344483746
487.5,7.210827132415295e-05,7.210827132415295e-05,0.0045641230894992455,0.0036221576679595167,0.006744447883859048,0.025458990535681174
487.75,6.23600190531088e-05,6.23600190531088e-05,0.0045214543703677515,0.003679878003223171,0.006590659608473768,0.025527816024914596
488.0,5.337338251054789e-05,5.337338251054789e-05,0.004479199290727229,0.003738531953383848,0.0064387124863688845,0.025594643055287258
488.25,4.517590312959634e-05,4.517590312959634e-05,0.004437369393951809,0.0037981039592274585,0.006288615879432381,0.02565945644156183
488.5,3.779473513510074e-05,3.779473513510074e-05,0.004395975870843322,0.0038585780703184604,0.006140378708946214,0.025722241570072697
488.75,3.125662676047089e-05,3.125662676047089e-05,0.004355029562070117,0.003919937957714125,0.005994009458752593,0.02578298439845849
489.0,2.558790226462116e-05,2.558790226462116e-05,0.004314540960712407,0.003982166926676963,0.005849516178472784,0.025841671455212527
489.25,2.0814444736326743e-05,2.0814444736326743e-05,0.004274520214909616,0.004045247929377925,0.005706906486776836,0.025898289839061648
489.5,1.696167967289181e-05,1.696167967289181e-05,0.00423497713060557,0.004109163577582603,0.0055661875747024395,0.025952827218172773
489.75,1.4054559320703913e-05,1.4054559320703913e-05,0.00419592117438779,0.004173896155312239,0.005427366209021427,0.02600527182919525
490.0,1.2117547764641948e-05,1.2117547764641948e-05,0.0041573614764171905,0.0042394276314724096,0.0052904487356543765,0.02605561247613677
490.25,1.125685885942922e-05,1.125685885942922e-05,0.004120985364128006,0.0043055757760017245,0.005158845929312493,0.026106334251708916
490.5,1.1376189308869485e-05,1.1376189308869485e-05,0.004085072526989228,0.0043724313292664045,0.0050290621208113635,0.026154948856686303
490.75,1.2496879482828819e-05,1.2496879482828819e-05,0.004049630537135441,0.004439975725346236,0.0049011024813079744,0.02620144711401735
491.0,1.4639759512001524e-05,1.4639759512001524e-05,0.004014666671397497,0.004508190163049653,0.00477497180408663,0.026245820388645567
491.25,1.782513895460645e-05,1.782513895460645e-05,0.003980187914401847,0.004577055617486745,0.004650674507828234,0.026288060585576187
491.5,2.2072797085091153e-05,2.2072797085091153e-05,0.00394620096172963,0.004646552851565298,0.0045282146399141686,0.026328160147814757
491.75,2.740197379332378e-05,2.740197379332378e-05,0.003912712223132324,0.004716662427409001,0.004407595879762967,0.026366112054181986
492.0,3.383136108274066e-05,3.383136108274066e-05,0.003879727825799504,0.004787364717689943,0.0042888215421984805,0.026401909817007536
492.25,4.13790951559729e-05,4.13790951559729e-05,0.003847253617677851,0.004858639916873161,0.004171894580849422,0.02643554747970667
492.5,5.0062749076444735e-05,5.0062749076444735e-05,0.0038152951708365274,0.004930468052365536,0.004056817591577906,0.02646701961424282
492.75,5.989932599468515e-05,5.989932599468515e-05,0.0037838577848778344,0.005002828995567981,0.0039435928159361686,0.02649632131847902
493.0,7.090525292789843e-05,7.090525292789843e-05,0.0037529464903884014,0.0050757024728229965,0.003832222144650922,0.026523448213421418
493.25,8.309637508158126e-05,8.309637508158126e-05,0.003722566052430237,0.005149068076257625,0.0037227071211337714,0.026548396440357648
493.5,9.648795070197733e-05,9.648795070197733e-05,0.003692720974067,0.005222905274513542,0.00361504894501609,0.026571162657894706
493.75,0.00011109464644813964,0.00011109464644813964,0.003663415499924319,0.005297193423364087,0.0035092484757084743,0.026591744038896907
494.0,0.00012693053327255283,0.00012693053327255283,0.0036346536197810514,0.0053719117762129984,0.003405306235982052,0.026610138267327905
494.25,0.00014400908279921958,0.00014400908279921958,0.00360643907218844,0.005447039494471025,0.0033032224155725622,0.02662634353500181
494.5,0.0001623431641882372,0.0001623431641882372,0.0035787753481157703,0.005522555657809326,0.003202996874803709,0.026640358538241236
494.75,0.0001819450414759211,0.0001819450414759211,0.0035516656946192496,0.005598439274283533,0.0031046291482311025,0.02665218247445002
495.0,0.0002028263713796265,0.0002028263713796265,0.0035251131185321163,0.005674669290328509,0.003008118448304069,0.02666181503860197
495.25,0.00022499820155637954,0.00022499820155637954,0.0034991203901735385,0.005751224600619187,0.0029134636690447122,0.026669256419644974
495.5,0.0002484709693046964,0.0002484709693046964,0.0034736900470743715,0.0058280840577955685,0.0028206633897438827,0.026674507296829443
495.75,0.00027325450069883066,0.00027325450069883066,0.0034488243977168955,0.005905226482049514,0.0027297158786715363,0.026677568835957413
496.0,0.0002993580101448159,0.0002993580101448159,0.0034245255252875325,0.0059826306705712,0.0026406190968023724,0.026678442685558718
496.25,0.0003267901003478081,0.0003267901003478081,0.0034007952914385706,0.006060275406851955,0.0025533707015536716,0.02667713097299509
496.5,0.00035555876268023067,0.00035555876268023067,0.003377635340059757,0.0061381394698437316,0.0024679680505362935,0.02667363630049534
496.75,0.00038567137794046156,0.00038567137794046156,0.0033550471010542196,0.00621620164297087,0.002384408205316074,0.026667961741124326
497.0,0.00041713471749126415,0.00041713471749126415,0.003333031794120082,0.006294440722994246,0.0023026879351863436,0.02666011083468633
497.25,0.00044995494476849344,0.00044995494476849344,0.003311590432533461,0.006372835528725657,0.0022228037209486955,0.026650087583566837
497.5,0.00048413761714907435,0.00048413761714907435,0.0032907238269324576,0.006451364909590796,0.0021447517587030703,0.026637896448514355
497.75,0.0005196876881688024,0.0005196876881688024,0.0032704325890998585,0.006530007754039329,0.0020685279636446056,0.026623542344365234
498.0,0.0005566095100794378,0.0005566095100794378,0.003250717135742543,0.006608742997802801,0.0019941279738669784,0.02660703063571105
498.25,0.0005949068367356926,0.0005949068367356926,0.003231577692266401,0.006687549631995881,0.0019215471541714638,0.026588367132514296
498.5,0.0006345828268017187,0.0006345828268017187,0.0032130142965450985,0.006766406711063246,0.0018507805998804025,0.026567558085672432
498.75,0.0006756400472676593,0.0006756400472676593,0.0031950268026802423,0.006845293360569536,0.0017818231406543455,0.026544610182531528
499.0,0.0007180804772665598,0.0007180804772665598,0.003177614884752914,0.00692418878483276,0.0017146693443121778,0.02651953054235306
499.25,0.0007619055121820149,0.0007619055121820149,0.0031607780405633877,0.007003072274398982,0.0016493135206527493,0.026492326711735764
499.5,0.0008071159680368219,0.0008071159680368219,0.003144515595359016,0.007081923213359705,0.0015857497252782396,0.026463006659992763
499.75,0.0008537120861537498,0.0008537120861537498,0.003128826705548264,0.007160721086510669,0.0015239717634168315,0.02643157877448761
500.0,0.0009016935380785799,0.0009016935380785799,0.003113710362398811,0.0072394454863514745,0.0014639731937454057,0.026398051855929753
500.25,0.0009502294358778992,0.0009502294358778992,0.0030996899346369023,0.007317149609556668,0.0014070987522832113,0.026364919851248825
500.5,0.0010000942730771954,0.0010000942730771954,0.003086193844118126,0.007394709838144863,0.0013519190213474848,0.026329725169451892
500.75,0.0010512857039263381,0.0010512857039263381,0.00307322072451362,0.0074721068445908504,0.0012984274509824077,0.026292477608317436
501.0,0.001103800868299071,0.001103800868299071,0.003060769073834471,0.00754932144000117,0.001246617273297434,0.026253187346154797
501.25,0.0011576363975934027,0.0011576363975934027,0.0030488372577457063,0.007626334579830414,0.0011964815059476062,0.026211864937115623
501.5,0.001212788420822089,0.001212788420822089,0.0030374235128571184,0.0077031273694461696,0.0011480129556088227,0.026168521306476965
501.75,0.001269252570884518,0.001269252570884518,0.0030265259499914626,0.007779681069546463,0.0011012042214478867,0.026123167745901656
502.0,0.0013270239910128806,0.0013270239910128806,0.0030161425574276677,0.007855977101428104,0.001056047698586083,0.026075815908673902
502.25,0.0013860973413838925,0.0013860973413838925,0.0030062712041190984,0.007931997052106406,0.0010125355815564232,0.026026477804911203
502.5,0.001446466805889192,0.001446466805889192,0.002996909642885428,0.00800772267928761,0.0009706598677532408,0.025975165796757464
502.75,0.0015081260990564625,0.0015081260990564625,0.002988055513578297,0.008083135916195007,0.0009304123608738073,0.025921892593554822
503.0,0.001571068473113973,0.001571068473113973,0.002979706346218494,0.008158218876249592,0.000891784674351554,0.025866671246997385
503.25,0.001635286725190901,0.001635286725190901,0.002971859564105486,0.008232953857604367,0.0008547682347798105,0.02580951514626688
503.5,0.0017007732046466113,0.0017007732046466113,0.0029645124868977915,0.00830732334753617,0.0008193542853259895,0.025750438013152518
503.75,0.0017675198205211267,0.0017675198205211267,0.0029576623336628454,0.008381310026692623,0.0007855338891354731,0.025689453897156097
504.0,0.0018355180491007037,0.0018355180491007037,0.0029513062258979777,0.008454896773199053,0.0007532979327242801,0.02562657717058096
504.25,0.0019047589415905981,0.0019047589415905981,0.0029454411905189657,0.008528066666623221,0.0007226371293604911,0.02556182252361059
504.5,0.0019752331318887224,0.0019752331318887224,0.0029400641628181236,0.008600802991800128,0.0006935420224340136,0.02549520495937401
504.75,0.002046930844453653,0.002046930844453653,0.002935171989389687,0.008673089242518361,0.0006660029888130752,0.025426739788999217
505.0,0.002119841902259811,0.002119841902259811,0.00293076143102296,0.008744909125069231,0.0006400102421884874,0.025356442626657785
505.25,0.0021939557348342946,0.0021939557348342946,0.0029268291655622867,0.008816246561659717,0.0006155538364037225,0.02528432938460034
505.5,0.0022692613863679045,0.0022692613863679045,0.002923371790733617,0.008887085693690044,0.0005926236687714451,0.025210416268183076
505.75,0.002345747523894626,0.002345747523894626,0.0029203858269370516,0.008957410884897854,0.0005712094833755043,0.02513471977088915
506.0,0.0024234024455344334,0.0024234024455344334,0.0029178677200048437,0.009027206724370431,0.000551300874357487,0.025057256669339112
506.25,0.002502214088791128,0.002502214088791128,0.0029158138439252168,0.009096458029426012,0.0005328872891885814,0.024978044018302264
506.5,0.002582170038901869,0.002582170038901869,0.0029142205035304104,0.009165149848365825,0.0005159580319248917,0.024897099145697515
506.75,0.0026632575372306806,0.0026632575372306806,0.0029130839371505272,0.00923326746309741,0.0005005022664469978,0.024814439647594437
507.0,0.0027454634897013633,0.0027454634897013633,0.002912400319229791,0.009300796391632742,0.00048650901968235605,0.024730083383208843
507.25,0.00282877447526423,0.00282877447526423,0.0029121657629091737,0.009367722390461311,0.0004739671848109354,0.024644048469897078
507.5,0.002913176754390252,0.002913176754390252,0.0029123763225708922,0.009434031456798556,0.0004628655244530149,0.024556353278148833
507.75,0.0029986562775889676,0.0029986562775889676,0.002913027996347513,0.009499709830714053,0.00045319267383923007,0.024467016426579214
508.0,0.0030851986939433784,0.0030851986939433784,0.0029141167285942036,0.009564743997138825,0.0004449371439623547,0.02437605677692042
508.25,0.0031727893596578483,0.0031727893596578483,0.002915638412324199,0.009629120687753522,0.00043808732471012064,0.024283493429014126
508.5,0.003261413346613901,0.003261413346613901,0.00291758889160719,0.00969282688276121,0.0004326314879794466,0.024189345715805353
508.75,0.00335105545092768,0.00335105545092768,0.002919963963930897,0.00975584981254289,0.0004285577907708785,0.02409363319833882
509.0,0.0034417002015078788,0.0034417002015078788,0.002922759382524878,0.009818176959200755,0.0004258542782635413,0.0239963756607562
509.25,0.003533331868604701,0.003533331868604701,0.0029259708586478915,0.009879796057988804,0.00042450888687001464,0.02389759310529931
509.5,0.0036259344723496172,0.0036259344723496172,0.0029295940638370817,0.009940695098633287,0.0004245094472708794,0.023797305747314663
509.75,0.0037194917912793776,0.0037194917912793776,0.0029336246321203453,0.010000862326544114,0.0004258436874283636,0.02369553401026434
510.0,0.003813987370840443,0.003813987370840443,0.0029380581621904988,0.010060286243920287,0.0004284992355795463,0.023592298520740837
510.25,0.003907690362590329,0.003907690362590329,0.0029426080888534283,0.010117768878933215,0.00043257713984292155,0.023490104455324803
510.5,0.004002253007031423,0.004002253007031423,0.0029475189243857347,0.01017447726640852,0.00043790630831566006,0.023386496050399264
510.75,0.004097658632353392,0.004097658632353392,0.0029527865405583054,0.010230401258923383,0.0004444748326608097,0.02328149403598921
511.0,0.004193890384750911,0.004193890384750911,0.0029584067873831654,0.01028553096330032,0.00045227071986277166,0.023175119319822548
511.25,0.004290931236323895,0.004290931236323895,0.002964375494904119,0.010339856741040382,0.00046128189488707836,0.023067392982599612
511.5,0.004388763992933597,0.004388763992933597,0.0029706884749511387,0.010393369208664186,0.00047149620331956893,0.022958336273273545
511.75,0.004487371302012133,0.004487371302012133,0.0029773415228609664,0.010446059237966035,0.00048290141398575664,0.02284797060433747
512.0,0.004586735660322611,0.004586735660322611,0.002984330419162483,0.010497917956181045,0.0004954852215490729,0.02273631754712191
512.25,0.004686839421666014,0.004686839421666014,0.00299165093122751,0.010548936746066209,0.0005092352490884281,0.022623398827102324
512.5,0.004787664804532805,0.004787664804532805,0.0029992988148868577,0.010599107245899787,0.0005241390506551065,0.022509236319216575
512.75,0.004889193899696208,0.004889193899696208,0.0030072698160125474,0.01064842134939737,0.0005401841138081151,0.022393852043192723
513.0,0.004991408677745049,0.004991408677745049,0.0030155596720652777,0.010696871205548079,0.0005573578621284386,0.022277268158889467
513.25,0.0050942909965521616,0.0050942909965521616,0.003024164113608208,0.010744449218373586,0.0005756476577119922,0.022159506961645644
513.5,0.00519782260867846,0.00519782260867846,0.0030330788657868986,0.01079114804660795,0.0005950408036406755,0.022040590877643575
513.75,0.0053019851687073115,0.0053019851687073115,0.0030422996497756895,0.010836960603303941,0.000615524546432056,0.021920542459284216
514.0,0.005406760240509218,0.005406760240509218,0.003051822184190105,0.01088188005536468,0.0006370860784668704,0.021799384380574965
514.25,0.00551212930443436,0.00551212930443436,0.003061642186467264,0.010925899823003692,0.0006597125403948969,0.02167713943252942
514.5,0.005618073764429535,0.005618073764429535,0.0030717553742118163,0.010969013579133699,0.0006833910235185689,0.021553830518582583
514.75,0.005724574955079328,0.005724574955079328,0.0030821574665102877,0.011011215248687414,0.0007081085721544012,0.021429480650018092
515.0,0.00583161414856826,0.00583161414856826,0.003092844185212535,0.011052499007869752,0.0007338521859721909,0.02130411294141109
515.25,0.005939172561563269,0.005939172561563269,0.00310381125618087,0.011092859283345058,0.0007606088223119717,0.021177750606083533
515.5,0.006047231362013595,0.006047231362013595,0.003115054410507308,0.011132290751360005,0.0007883653984782888,0.021050416951576462
515.75,0.006155771675867665,0.006155771675867665,0.0031265693856991437,0.011170788336802009,0.0008171087940120998,0.02092213537513695
516.0,0.006264774593704405,0.006264774593704405,0.003138351926833132,0.011208347212199632,0.0008468258529400911,0.02079292935921931
516.25,0.006374221177278535,0.006374221177278535,0.0031503977876780583,0.011244962796659295,0.0008775033860013213,0.020662822467003857
516.5,0.006484092465977708,0.006484092465977708,0.00316270273178737,0.011280630754746866,0.0009091281728510686,0.020531838337930774
516.75,0.006594369483190472,0.006594369483190472,0.0031752625335602913,0.011315346995310272,0.0009416869642421091,0.02040000068325172
517.0,0.0067050332425835635,0.0067050332425835635,0.0031880729792732277,0.011349107670248045,0.0009751664841829359,0.020267333281596557
517.25,0.006816064754288566,0.006816064754288566,0.0032011298680809162,0.011381909173223024,0.001009553432073433,0.02013385997456008
517.5,0.0069274450309952254,0.0069274450309952254,0.003214429012988097,0.011413748138324454,0.001044834484817397,0.019999604662302405
517.75,0.007039155093951479,0.007039155093951479,0.0032279662417918995,0.0114446214386782,0.0010809962989123177,0.019864591299171473
518.0,0.007151175978869165,0.007151175978869165,0.0032417373979949943,0.011474526185007099,0.0011180255125162262,0.019728843889341256
518.25,0.007263488741734507,0.007263488741734507,0.003255738341690136,0.01150345972414416,0.0011559087474916276,0.01959238648246843
518.5,0.007376074464522478,0.007376074464522478,0.0032699649504165018,0.011531419637497894,0.0011946326114264346,0.019455243169369543
518.75,0.007488914260814618,0.007488914260814618,0.0032844131199878377,0.011558403739472,0.0012341836996319785,0.019317438077715996
519.0,0.007601989281319225,0.007601989281319225,0.0032990787652929314,0.011584410075841375,0.0012745485971181372,0.01917899536774922
519.25,0.007715280719294349,0.007715280719294349,0.0033139578210688737,0.01160943692208495,0.0013157138805454645,0.019039939228015407
519.5,0.00782876981587187,0.00782876981587187,0.003329046242646942,0.011633482781676427,0.001357666120154526,0.018900293871120594
519.75,0.007942437865282944,0.007942437865282944,0.003344340006672521,0.011656546384336112,0.0014003918816721042,0.01876008352950623
520.0,0.008056266219984313,0.008056266219984313,0.0033598351117978954,0.011678626684241493,0.0014438777281948036,0.01861933245124583
520.25,0.008168119612745516,0.008168119612745516,0.003374813059660204,0.01169867689866047,0.001487606634835391,0.018480234147468303
520.5,0.008280072328723022,0.008280072328723022,0.003389965926768483,0.01171774622667917,0.001532047757426183,0.018340638746005056
520.75,0.008392106550951378,0.008392106550951378,0.0034052901463560927,0.01173583456797256,0.001577188289514097,0.0182005700441511
521.0,0.008504204543229171,0.008504204543229171,0.0034207821763480744,0.011752942032214199,0.001623015427264545,0.018060051839353067
521.25,0.00861634865445158,0.00861634865445158,0.0034364384998357847,0.011769068937123527,0.0016695163711162404,0.017919107925278788
521.5,0.008728521322847689,0.008728521322847689,0.0034522556255302175,0.01178421580648466,0.0017166783274148942,0.017777762087911392
521.75,0.008840705080121245,0.008840705080121245,0.003468230088192337,0.011798383368136397,0.0017644885100267411,0.01763603810166177
522.0,0.008952882555496654,0.008952882555496654,0.003484358449042766,0.011811572551936938,0.001812934141931223,0.01749395972550562
522.25,0.00906503647966929,0.00906503647966929,0.003500637296149662,0.011823784487702037,0.0018620024567939754,0.017351550699141113
522.5,0.009177149688661101,0.009177149688661101,0.0035170632447963012,0.011835020503118727,0.0019116807005188244,0.01720883473916957
522.75,0.009289205127580498,0.009289205127580498,0.0035336329378270817,0.011845282121635313,0.001961956132779625,0.017065835535299882
523.0,0.009401185854288436,0.009401185854288436,0.0035503430459751044,0.011854571060328938,0.002012816028532062,0.016922576746574675
523.25,0.009513075042969995,0.009513075042969995,0.003567190268167819,0.01186288922775114,0.002064247679505319,0.0167790819976207
523.5,0.009624855987612028,0.009624855987612028,0.003584171331815322,0.011870238721754262,0.0021162383956735632,0.01663537487492333
523.75,0.00973651210538727,0.00973651210538727,0.0036012829930776417,0.011876621827294782,0.0021687755067074706,0.01649147892312349
524.0,0.009848026939945824,0.009848026939945824,0.0036185220371146598,0.011882041014221962,0.0022218463634058458,0.01634741764134142
524.25,0.009959384164613911,0.009959384164613911,0.003635885278317117,0.011886498935046326,0.0022754383391075735,0.016203214479522277
524.5,0.010070567585500796,0.010070567585500796,0.0036533695605192227,0.011889998422690938,0.0023295388310836055,0.016058892834808845
524.75,0.0101815611445136,0.0101815611445136,0.003670971757194033,0.011892542488227967,0.0023841352619096362,0.01591447604793796
525.0,0.010292348922282113,0.010292348922282113,0.003688688771630984,0.01189413431859934,0.002439215080818555,0.015769987399663954
525.25,0.01040291514099317,0.01040291514099317,0.003706517537097064,0.01189477727432286,0.0024947657650346163,0.015625450107205563
525.5,0.01051324416713483,0.01051324416713483,0.003724455016980569,0.011894474887186085,0.002550774821086847,0.015480887320721743
525.75,0.010623320514152402,0.010623320514152402,0.00374249820491872,0.011893230857925399,0.0026072297861043105,0.015336322119811674
526.0,0.010733128845015472,0.010733128845015472,0.0037606441249095537,0.011891049053895845,0.0026641182290917833,0.01519177751004216
526.25,0.01084265397469808,0.01084265397469808,0.0037788898314076924,0.011887933506727783,0.0027214277521863425,0.015047276419502357
526.5,0.010951880872571667,0.010951880872571667,0.0037972324094050682,0.01188388840997466,0.0027791459918950377,0.014902841695385385
526.75,0.011060794664712064,0.011060794664712064,0.003815668974496774,0.011878918116750695,0.002837260620313877,0.014758496100597481
527.0,0.011169380636120874,0.011169380636120874,0.0038341966729313146,0.011873027137360102,0.002895759346327917,0.014614262310395289
527.25,0.01127762423286341,0.01127762423286341,0.003852812681647911,0.011866220136918173,0.0029546299167928134,0.014470162909050987
527.5,0.011385511064121938,0.011385511064121938,0.003871514208298595,0.011858501932965598,0.0030138601176979453,0.014326220386546237
527.75,0.01149302690416702,0.01149302690416702,0.0038902984912573043,0.011849877493075252,0.003073437775311198,0.014182457135294183
528.0,0.01160015769424576,0.01160015769424576,0.003909162799614874,0.011840351932454182,0.0031333507573049805,0.014038895446891906
528.25,0.01170688954439028,0.01170688954439028,0.0039281044331618935,0.011829930511540288,0.0031935869738650554,0.013895557508900359
528.5,0.011813208735145214,0.011813208735145214,0.0039471207223582515,0.011818618633593595,0.0032541343787803666,0.013752465401655757
528.75,0.011919101719217007,0.011919101719217007,0.00396620902829021,0.011806421842285302,0.0033149809705159063,0.013609641095109254
529.0,0.012024555123042782,0.012024555123042782,0.003985366742615309,0.011793345819282116,0.0033761147932666455,0.013467106445698694
529.25,0.012129555748284457,0.012129555748284457,0.004004591287496096,0.011779396381828991,0.0034375239379951807,0.013324883193248914
529.5,0.012234090573244559,0.012234090573244559,0.004023880115521555,0.011764579480329723,0.003499196543450823,0.013182992957904479
529.75,0.012338146754207208,0.012338146754207208,0.0040432307096178125,0.011748901195925778,0.0035611207971717857,0.013041457237092465
530.0,0.012441711626704762,0.012441711626704762,0.004062640582947743,0.011732367738075216,0.003623284936469979,0.01290029740251762
530.25,0.012542604768463722,0.012542604768463722,0.004081225699887673,0.011714176262959846,0.00368499146881676,0.012761291556682918
530.5,0.012642975843234264,0.012642975843234264,0.004099857360025803,0.011695150525616066,0.0037469096754874907,0.012622689669320813
530.75,0.012742813254574225,0.012742813254574225,0.004118533454287505,0.01167529717771663,0.0038090284040653106,0.01248451238193158
531.0,0.012842105586063288,0.012842105586063288,0.004137251901730336,0.011654622984849653,0.003871336551651387,0.012346780203518872
531.25,0.012940841602093873,0.012940841602093873,0.004156010649362283,0.011633134824166601,0.003933823065720703,0.012209513507837213
531.5,0.013039010248595577,0.013039010248595577,0.0041748076719515465,0.011610839682034791,0.003996476944961516,0.012072732530674037
531.75,0.01313660065369702,0.01313660065369702,0.004193640971829883,0.011587744651692879,0.004059287240101082,0.011936457367160716
532.0,0.013233602128323325,0.013233602128323325,0.004212508578686453,0.011563856930909897,0.00412224305471531,0.011800707969116874
532.25,0.013330004166734076,0.013330004166734076,0.004231408549355849,0.011539183819650594,0.004185333546024809,0.01166550414242588
532.5,0.013425796446998414,0.013425796446998414,0.004250338967598334,0.011513732717743709,0.004248547925675842,0.011530865544442513
532.75,0.013520968831411241,0.013520968831411241,0.004269297943873406,0.011487511122557734,0.004311875460506724,0.011396811681434376
533.0,0.013615511366850214,0.013615511366850214,0.004288283615107169,0.011460526626681043,0.0043753054733000375,0.01126336190605478
533.25,0.013709414285075577,0.013709414285075577,0.004307294144452408,0.011432786915608985,0.004438827343520827,0.011130535414849449
533.5,0.01380266800297264,0.01380266800297264,0.0043263277210441485,0.011404299765438336,0.004502430508040525,0.010998351245795852
533.75,0.013895263122738422,0.013895263122738422,0.004345382559747621,0.011375073040566916,0.004566104461846834,0.010866828275877068
534.0,0.013987190432013179,0.013987190432013179,0.004364456900901904,0.011345114691402999,0.004629838758739812,0.010735985218689187
534.25,0.014078440903959445,0.014078440903959445,0.004383549010057832,0.011314432752080649,0.004693623012014801,0.010605840622081508
534.5,0.01416900569728659,0.01416900569728659,0.00440265717771023,0.011283035338184462,0.004757446895130967,0.010476412865833147
534.75,0.014258876156224645,0.014258876156224645,0.004421779719026454,0.01125093064448234,0.004821300142366972,0.010347720159362462
535.0,0.014348043810446198,0.014348043810446198,0.004440914973568706,0.011218126942667331,0.004885172549462977,0.010219780539472197
535.25,0.014436500374940212,0.014436500374940212,0.004460061305013103,0.011184632579108057,0.004949053974249929,0.01009261186812927
535.5,0.014524237749834962,0.014524237749834962,0.004479217100863888,0.011150455972609871,0.005012934337265518,0.009966231830279493
535.75,0.014611248020174368,0.014611248020174368,0.004498380772163811,0.011115605612185008,0.005076803622356936,0.009840657931698783
536.0,0.014697523455646925,0.014697523455646925,0.004517550753200321,0.011080090054832644,0.00514065187727129,0.009715907496879065
536.25,0.014783056510268826,0.014783056510268826,0.004536725501208972,0.011043917923330671,0.005204469214233359,0.009591997666950135
536.5,0.014867839822022104,0.014867839822022104,0.004555903496072309,0.011007097904036395,0.00526824581051052,0.009468945397638229
536.75,0.01495186621244825,0.01495186621244825,0.004575083240016255,0.010969638744700468,0.005331971908965372,0.009346767457260497
537.0,0.015035128686199932,0.015035128686199932,0.004594263257303154,0.010931549252289926,0.0053956378185961535,0.009225480424756287
537.25,0.015117620430549308,0.015117620430549308,0.004613442093922468,0.01089283829082447,0.005459233915064992,0.009105100687754681
537.5,0.015199334814855869,0.015199334814855869,0.0046326183172778704,0.010853514779223692,0.005522750641214153,0.00898564444067929
537.75,0.015280265389994024,0.015280265389994024,0.004651790515872929,0.010813587689166288,0.005586178507570381,0.00886712768288994
538.0,0.015360405887740774,0.015360405887740774,0.004670957298993664,0.010773066042963004,0.005649508092837109,0.008749566216862962
538.25,0.015439750220126289,0.015439750220126289,0.0046901172963897215,0.010731958911440041,0.005712730044376169,0.008632975646405989
538.5,0.015518292478745211,0.015518292478745211,0.004709269157953227,0.010690275411837117,0.0057758350786762565,0.008517371374913967
538.75,0.015596026934033494,0.015596026934033494,0.00472841155339582,0.01064802470571729,0.005838813981811773,0.008402768603660215
539.0,0.015672948034507188,0.015672948034507188,0.004747543171924218,0.010605215996890535,0.005901657609888851,0.008289182330127471
539.25,0.01574905040596859,0.01574905040596859,0.004766662721914615,0.010561858529351566,0.005964356889481593,0.008176627346375491
539.5,0.015824328850677766,0.015824328850677766,0.0047857689305855254,0.01051796158522938,0.006026902818056491,0.008065118237448052
539.75,0.01589877834649034,0.01589877834649034,0.004804860543669786,0.01047353448275293,0.006089286464386049,0.007954669379818105
540.0,0.01597239404596433,0.01597239404596433,0.004823936325085217,0.010428586574229253,0.006151498968952023,0.007845294939871404
540.25,0.016043212223307603,0.016043212223307603,0.004842118392542272,0.010382550878516113,0.00621291900393243,0.007738281714588799
540.5,0.01611319317377471,0.01611319317377471,0.004860281447846323,0.010336020943705173,0.006274155419375816,0.007632351870511386
540.75,0.016182332900354868,0.016182332900354868,0.004878424507854505,0.010289006172572142,0.0063351998571115785,0.007527518790944962
541.0,0.01625062757183175,0.01625062757183175,0.004896546604438346,0.010241515991891883,0.006396044027960869,0.007423795649590835
541.25,0.016318073521728392,0.016318073521728392,0.004914646784147968,0.010193559850553525,0.006456679712080901,0.00732119540924684
541.5,0.01638466724722547,0.01638466724722547,0.0049327241078774235,0.010145147217689514,0.006517098759298911,0.007219730820547215
541.75,0.016450405408056954,0.016450405408056954,0.004950777650530529,0.010096287580820035,0.006577293089438073,0.007119414420738614
542.0,0.016515284825381733,0.016515284825381733,0.004968806500686923,0.010046990444013068,0.006637254692633691,0.007020258532494593
542.25,0.016579302480631518,0.016579302480631518,0.004986809760269129,0.009997265326058628,0.006696975629640736,0.006922275262767587
542.5,0.01664245551433716,0.01664245551433716,0.005004786544210834,0.009947121758658709,0.0067564480321323245,0.006825476501679156
542.75,0.01670474122493425,0.01670474122493425,0.005022735980125582,0.009896569284633762,0.0068156641029899125,0.0067298739214472535
543.0,0.016766157067546257,0.016766157067546257,0.005040657207976965,0.00984561745614239,0.006874616116584152,0.00663547897535334
543.25,0.016826700652750014,0.016826700652750014,0.0050585493797499805,0.009794275832919449,0.006933296419048146,0.006542302896745275
543.5,0.016886369745319242,0.016886369745319242,0.005076411659123754,0.009742553980528002,0.006991697428541301,0.00645035669808053
543.75,0.016945162262952007,0.016945162262952007,0.005094243221145774,0.009690461468627606,0.007049811635505755,0.006359651170006245
544.0,0.01700307627497872,0.01700307627497872,0.005112043251907109,0.009638007869259672,0.007107631602913861,0.006270196880478087
544.25,0.017060110001053404,0.017060110001053404,0.005129810948220425,0.009585202755146736,0.007165149966508385,0.006182004173917344
544.5,0.017116261809828257,0.017116261809828257,0.005147545517298863,0.00953205569801063,0.0072223594350338035,0.006095083170406281
544.75,0.017171530217612568,0.017171530217612568,0.0051652461764363855,0.009478576266904045,0.0072792527904603855,0.006009443764922223
545.0,0.01722591388701624,0.01722591388701624,0.005182912152691646,0.009424774026560842,0.007335822888200016,0.005925095626609482
545.25,0.017279411625578226,0.017279411625578226,0.005200542682572095,0.009370658535761422,0.0073920626573149165,0.00584204819809005
545.5,0.017332022384381873,0.017332022384381873,0.005218137011721474,0.009316239345714383,0.007447965100717885,0.005760310694812793
545.75,0.017383745256656324,0.017383745256656324,0.005235694394608741,0.009261525998456522,0.007503523295365835,0.005679892104440943
546.0,0.017434579476364877,0.017434579476364877,0.005253214094220055,0.009206528025267093,0.007558730392445782,0.0056008011862774395
546.25,0.017484524416781777,0.017484524416781777,0.0052706953817520125,0.009151254945100227,0.007613579617552752,0.005523046470730128
546.5,0.01753357958905741,0.01753357958905741,0.005288137536308663,0.009095716263033867,0.007668064270861892,0.0054466362588134355
546.75,0.01758174464077144,0.01758174464077144,0.005305539844599708,0.0090399214687351,0.007722177727291936,0.0053715786216900485
547.0,0.01762901935447739,0.01762901935447739,0.00532290160064276,0.00898388003494279,0.007775913436662866,0.005297881400249843
547.25,0.017675403646235304,0.017675403646235304,0.005340222105466602,0.00892760141596669,0.007829264923845638,0.005225552204727785
547.5,0.017720897564136317,0.017720897564136317,0.005357500666818788,0.008871095046204177,0.007882225788906363,0.005154598414359094
547.75,0.017765501286818596,0.017765501286818596,0.0053747365988750136,0.008814370338672875,0.007934789707242028,0.005085027177073893
548.0,0.017809215121974153,0.017809215121974153,0.005391929221951698,0.00875743668356173,0.007986950429711155,0.005016845409228783
548.25,0.017852039504848462,0.017852039504848462,0.0054090778622214964,0.008700303446797326,0.008038701782756875,0.004950059795376847
548.5,0.017893974996732922,0.017893974996732922,0.005426181851431903,0.008642979968629429,0.008090037668524019,0.00488467678807615
548.75,0.017935022283450158,0.017935022283450158,0.005443240526626648,0.00858547556223187,0.008140952064969568,0.00482070260773468
549.0,0.01797518217383392,0.01797518217383392,0.0054602532298706225,0.008527799512321736,0.008191439025967053,0.00475814324249479
549.25,0.01801445559820228,0.01801445559820228,0.005477219307977554,0.008469961073794798,0.008241492681404363,0.004697004448153979
549.5,0.01805284360682637,0.01805284360682637,0.005494138112241147,0.008411969470379064,0.00829110723727587,0.004637291748123589
549.75,0.018090347368393978,0.018090347368393978,0.005511008998169387,0.008353833893305157,0.008340276975768125,0.004579010433425401
550.0,0.018126968168469128,0.018126968168469128,0.00552783132522239,0.0082955634999936,0.008388996255339959,0.004522165562724718
550.25,0.018161156337348452,0.018161156337348452,0.005543864689073339,0.008236790274799588,0.00843686423509979,0.004467534387480847
550.5,0.018194475562024488,0.018194475562024488,0.005559851575629283,0.008177905800455163,0.008484280253679704,0.004414331518836183
550.75,0.01822692762304446,0.01822692762304446,0.005575791477200617,0.008118919054255071,0.008531239034826115,0.004362561352120984
551.0,0.018258514407630683,0.018258514407630683,0.005591683887537974,0.008059838974379108,0.008577735375313204,0.00431222805602656
551.25,0.01828923790815133,0.01828923790815133,0.005607528301592042,0.008000674458706024,0.008623764145003652,0.004263335572794367
551.5,0.018319100220591477,0.018319100220591477,0.005623324215276768,0.00794143436364558,0.008669320286904595,0.004215887618439191
551.75,0.018348103543023304,0.018348103543023304,0.005639071125236704,0.007882127502985899,0.008714398817218619,0.004169887683008158
552.0,0.01837625017407527,0.01837625017407527,0.005654768528617348,0.007822762646758559,0.0087589948253896,0.004125339030873838
552.25,0.018403542511401482,0.018403542511401482,0.005670415922840211,0.00776334852012019,0.008803103474143526,0.00408224470106263
552.5,0.01842998305015243,0.01842998305015243,0.005686012805381074,0.007703893802250342,0.008846719999524924,0.004040607507616896
552.75,0.01845557438144519,0.01845557438144519,0.005701558673551871,0.007644407125266812,0.008889839710927506,0.004000430039992176
553.0,0.018480319190835058,0.018480319190835058,0.005717053024287428,0.007584897073156611,0.00893245799112169,0.003961714663487685
553.25,0.018504220256789456,0.018504220256789456,0.005732495353935105,0.007525372180725153,0.00897457029627567,0.003924463519711452
553.5,0.01852728044916167,0.01852728044916167,0.005747885158048614,0.007465840932560401,0.009016172155973216,0.0038886785270784902
553.75,0.01854950272766883,0.01854950272766883,0.005763221931185929,0.007406311762014794,0.00905725917322634,0.0038543613813427223
554.0,0.018570890140370697,0.018570890140370697,0.005778505166711296,0.007346793050203453,0.00909782702448368,0.0038215135561621575
554.25,0.01859144582215192,0.01859144582215192,0.005793734356600582,0.0072872931250189885,0.00913787145963453,0.0037901363036972873
554.5,0.018611172993206644,0.018611172993206644,0.005808908991251071,0.0072278202601626425,0.009177388302008241,0.0037602306552415774
554.75,0.018630074957526607,0.018630074957526607,0.005824028559295373,0.007168382674192493,0.009216373448369551,0.00373179742188545
555.0,0.018648155101393248,0.018648155101393248,0.005839092547418829,0.007108988529587856,0.009254822868910112,0.0037048371952116475
555.25,0.018665416891873163,0.018665416891873163,0.005854100440181481,0.007049645931830086,0.009292732607234946,0.003679350348023547
555.5,0.018681863875317093,0.018681863875317093,0.005869051719843678,0.006990362928499992,0.009330098780345556,0.0036553370351045055
555.75,0.018697499675864482,0.018697499675864482,0.005883945866195693,0.0069311475083917275,0.009366917578618909,0.0036327971940092454
556.0,0.01871232799395187,0.01871232799395187,0.005898782356391946,0.006872007600642919,0.009403185265781915,0.0036117305458862443
556.25,0.018726352604826184,0.018726352604826184,0.0059135606647884925,0.006812951073881471,0.009438898178882327,0.003592136596331527
556.5,0.01873957735706324,0.01873957735706324,0.005928280262785219,0.0067539857353879264,0.009474052728256317,0.003574014636272313
556.75,0.01875200617109146,0.01875200617109146,0.005942940618671503,0.006695119330275196,0.009508645397491192,0.003557363742882217
557.0,0.018763643037721246,0.018763643037721246,0.005957541197476679,0.006636359540683782,0.009542672743385225,0.00354218278052574
557.25,0.018774492016680612,0.018774492016680612,0.0059720814608239334,0.00657771398499341,0.00957613139590296,0.00352847040173323
557.5,0.01878455723515575,0.01878455723515575,0.005986560866788277,0.006519190217050378,0.009609018058127623,0.003516225048204797
557.75,0.018793842886338813,0.018793842886338813,0.006000978869759426,0.0064607957254122625,0.009641329506209932,0.0035054449518437105
558.0,0.018802353227981412,0.018802353227981412,0.006015334920307372,0.006402537932607089,0.009673062589312467,0.0034961281358193166
558.25,0.018810092580955805,0.018810092580955805,0.006029628465053412,0.006344424194409918,0.00970421422955139,0.0034882724156574786
558.5,0.01881706532782146,0.01881706532782146,0.006043858946544218,0.0062864617991342095,0.009734781421934591,0.003481875400360143
558.75,0.018823275911399873,0.018823275911399873,0.006058025803130512,0.0062286579669404854,0.009764761234296038,0.0034769344935528003
559.0,0.018828728833356068,0.018828728833356068,0.00607212846884942,0.006171019849158804,0.009794150807227142,0.0034734468946591656
559.25,0.01883342865278734,0.01883342865278734,0.00608616637331171,0.006113554527630032,0.009822947354004873,0.003471409600103491
559.5,0.01883737998482026,0.01883737998482026,0.0061001389415915,0.0060562690140594806,0.00985114816051607,0.0034708194045398656
559.75,0.018840587499214516,0.018840587499214516,0.006114045594121879,0.005999170249389186,0.009878750585179182,0.003471672902108071
560.0,0.018843055918975227,0.018843055918975227,0.0061278857465928305,0.0059422651031837154,0.00990575205886258,0.003473966487715839
560.25,0.018843620454811194,0.018843620454811194,0.006141077920014438,0.005885302160660157,0.009931989449205736,0.0034780961127801073
560.5,0.018843467839068054,0.018843467839068054,0.0061542078140654774,0.005828549509913144,0.00995763160435351,0.003483644777499901
560.75,0.018842602986554064,0.018842602986554064,0.006167274899668657,0.005772013745398065,0.009982676205207456,0.003490608436988826
561.0,0.018841030857305242,0.018841030857305242,0.006180278641515651,0.005715701388624192,0.010007121002081875,0.0034989828558586494
561.25,0.01883875645527375,0.01883875645527375,0.006193218497991331,0.0056596188876370255,0.010030963814622706,0.003508763609573352
561.5,0.018835784827025095,0.018835784827025095,0.006206093921101626,0.005603772616515896,0.010054202531722638,0.0035199460858259517
561.75,0.01883212106044319,0.01883212106044319,0.006218904356405118,0.005548168874885739,0.010076835111434148,0.0035325254859398894
562.0,0.018827770283444605,0.018827770283444605,0.006231649242948817,0.005492813887443756,0.010098859580879159,0.00354649682629216
562.25,0.018822737662703284,0.018822737662703284,0.006244328013207868,0.005437713803500861,0.010120274036156961,0.0035618549397594393
562.5,0.01881702840238274,0.01881702840238274,0.006256940093028683,0.005382874696537137,0.01014107664224846,0.003578594477186397
562.75,0.01881064774287967,0.01881064774287967,0.006269484901576609,0.0053283025637724515,0.010161265632918626,0.0035967099088750746
563.0,0.018803600959574174,0.018803600959574174,0.0062819618512867164,0.005274003325750318,0.010180839310615858,0.0036161955260971363
563.25,0.018795893361593752,0.018795893361593752,0.006294370347819407,0.005219982825937819,0.010199796046369279,0.0036370454426251316
563.5,0.018787530290582208,0.018787530290582208,0.006306709790018512,0.005166246830337819,0.010218134279682997,0.0036592535962863726
563.75,0.01877851711948231,0.01877851711948231,0.006318979569874035,0.005112801027116672,0.01023585251842825,0.0036828137505356085
564.0,0.018768859251325702,0.018768859251325702,0.006331179072488946,0.005059651026245439,0.010252949338733207,0.003707719496048393
564.25,0.018758562118034262,0.018758562118034262,0.0063433076760486895,0.005006802359155806,0.01026942338486977,0.003733964252333761
564.5,0.01874763117923084,0.01874763117923084,0.006355364751795196,0.004954260478408969,0.010285273369139133,0.0037615412693656177
564.75,0.01873607192106021,0.01873607192106021,0.006367349664004596,0.0049020307573791186,0.010300498071753244,0.0037904436292337186
565.0,0.01872388985501996,0.01872388985501996,0.0063792617699678245,0.004850118489950733,0.010315096340715925,0.003820664247812186
565.25,0.01871109051680217,0.01871109051680217,0.0063911004199760195,0.0047985288902288765,0.010329067091700256,0.0038521958764463956
565.5,0.018697679465145025,0.018697679465145025,0.006402864957308609,0.0047472670922643736,0.01034240930792435,0.0038850311036571663
565.75,0.018683662280694138,0.018683662280694138,0.006414554718225216,0.004696338149791343,0.010355122040024334,0.003919162356862684
566.0,0.01866904456487624,0.01866904456487624,0.006426169031961989,0.0046457470359791446,0.010367204405926197,0.003954581904116237
566.25,0.018653831938780577,0.018653831938780577,0.006437707220729526,0.004595498643197236,0.010378655590714408,0.003991281855861433
566.5,0.018638030042053815,0.018638030042053815,0.0064491685997168655,0.004545597782793617,0.010389474846498504,0.004029254166702365
566.75,0.018621644531802716,0.018621644531802716,0.00646055247709663,0.004496049184886159,0.010399661492278072,0.004068490637190423
567.0,0.018604681081509786,0.018604681081509786,0.006471858154035326,0.004446857498168082,0.010409214913805287,0.004108982915625272
567.25,0.01858714537995793,0.01858714537995793,0.006483084924705932,0.004398027289725164,0.01041813456344556,0.004150722499871169
567.5,0.018569043130166534,0.018569043130166534,0.006494232076304871,0.004349563044867357,0.010426419960035526,0.004193700739188016
567.75,0.01855038004833842,0.01855038004833842,0.00650529888907163,0.004301469166972158,0.010434070688739873,0.004237908836075381
568.0,0.01853116186281708,0.01853116186281708,0.006516284636311781,0.004253749977341502,0.010441086400905457,0.00428333784813119
568.25,0.018511394313055117,0.018511394313055117,0.006527188584423973,0.004206409715071632,0.010447466813913875,0.004329978689923063
568.5,0.01849108314859364,0.01849108314859364,0.0065380099929296335,0.004159452536934978,0.010453211711031755,0.004377822134872164
568.75,0.01847023412805164,0.01847023412805164,0.006548748114506245,0.004112882517275166,0.010458320941259246,0.004426858817150312
569.0,0.018448853018127532,0.018448853018127532,0.006559402195023211,0.004066703647914247,0.010462794419176729,0.004477079233588684
569.25,0.018426945592610877,0.018426945592610877,0.006569971473582165,0.00402091983807271,0.0104666321247891,0.0045284737455970805
569.5,0.018404517631404813,0.018404517631404813,0.006580455182559404,0.003975534914301481,0.010469834103368684,0.004581032581096394
569.75,0.018381574919559673,0.018381574919559673,0.006590852547651597,0.003930552620426126,0.010472400465296357,0.004634745836460619
570.0,0.01835812324631835,0.01835812324631835,0.006601162787925377,0.0038859766175039856,0.010474331385900041,0.004689603478468901
570.25,0.018333339458893247,0.018333339458893247,0.006610971616753329,0.0038416233350948618,0.010475675869541897,0.004745759083939915
570.5,0.01830806956615442,0.01830806956615442,0.00662069787318954,0.0037976851547609656,0.010476394949565551,0.004803031286826465
570.75,0.01828231934405801,0.01828231934405801,0.006630340790835477,0.0037541654615986654,0.010476488960342938,0.0048614098759111645
571.0,0.018256094567736775,0.018256094567736775,0.006639899596057384,0.003711067558861652,0.010475958298635913,0.004920884519600586
571.25,0.018229401010626627,0.018229401010626627,0.006649373508054688,0.003668394667979672,0.01047480342344171,0.004981444767868996
571.5,0.018202244443603875,0.018202244443603875,0.006658761738929895,0.0036261499285873723,0.010473024855836366,0.005043080054209447
571.75,0.018174630634133253,0.018174630634133253,0.006668063493762571,0.003584336398564794,0.010470623178817593,0.005105779697592742
572.0,0.01814656534542686,0.01814656534542686,0.006677277970685672,0.00354295705408895,0.010467599037144408,0.005169532904433878
572.25,0.01811805433561374,0.01811805433561374,0.00668640436096459,0.0035020147896964253,0.010463953137176267,0.00523432877056544
572.5,0.018089103356920534,0.018089103356920534,0.006695441849079341,0.003461512418356596,0.010459686246710332,0.005300156283217503
572.75,0.0180597181548628,0.0180597181548628,0.006704389612808861,0.0034214526715558337,0.010454799194816636,0.005367004323003406
573.0,0.01802990446744636,0.01802990446744636,0.0067132468233187135,0.0033818381993925045,0.010449292871671827,0.0054348616659122455
573.25,0.01799966802438081,0.01799966802438081,0.006722012645251288,0.003342671570682829,0.01044316822839187,0.005503716985305916
573.5,0.01796901454630271,0.01796901454630271,0.0067306862368178835,0.0033039552730761306,0.010436426276862148,0.005573558853921666
573.75,0.017937949744010053,0.017937949744010053,0.006739266749894671,0.003265691713182147,0.010429068089566692,0.005644375745879759
574.0,0.017906479317706538,0.017906479317706538,0.006747753330120405,0.0032278832167075585,0.010421094799415635,0.005716156038694672
574.25,0.017874608956257927,0.017874608956257927,0.006756145116996837,0.003190532028603289,0.010412507599570886,0.005788888015291168
574.5,0.01784234433645788,0.01784234433645788,0.006764441243991338,0.0031536403132215772,0.010403307743270588,0.005862559866023272
574.75,0.017809691122305016,0.017809691122305016,0.006772640838643021,0.0031172101544834283,0.010393496543651579,0.0059371596906974515
575.0,0.017776654964290158,0.017776654964290158,0.0067807430226696575,0.003081243556055906,0.010383075373570923,0.006012675500598001
575.25,0.01774324149869476,0.01774324149869476,0.0067887469120790096,0.0030457424415395416,0.010372045665425116,0.006089095220515363
575.5,0.01770945634689913,0.01770945634689913,0.0067966516172806015,0.0030107086546650396,0.010360408910968805,0.0061664066907764995
575.75,0.017675305114702587,0.017675305114702587,0.006804456243201209,0.0029761439595005065,0.010348166661130604,0.006244597669277497
576.0,0.01764079339165113,0.01764079339165113,0.006812159889401908,0.002942050040666619,0.010335320525828858,0.006323655833518271
576.25,0.017605926750380037,0.017605926750380037,0.006819761650197599,0.0029084285035639126,0.010321872173784684,0.006403568782636223
576.5,0.01757071074596249,0.01757071074596249,0.006827260614779255,0.0028752808746066796,0.010307823332334383,0.006484324039444393
576.75,0.01753515091527155,0.01753515091527155,0.006834655867337306,0.0028426086014684024,0.010293175787240013,0.006565909052466752
577.0,0.017499252776351056,0.017499252776351056,0.00684194648718813,0.002810413053334675,0.010277931382498228,0.006648311197976238
577.25,0.01746302182779773,0.01746302182779773,0.006849131548902635,0.002778695521166772,0.010262092020148262,0.006731517782031046
577.5,0.01742646354815234,0.01742646354815234,0.006856210122436186,0.0027474572179729765,0.010245659660077766,0.006815516042511629
577.75,0.01738958339530267,0.01738958339530267,0.006863181273261651,0.0027166992790895695,0.010228636319827702,0.006900293151156262
578.0,0.017352386805896004,0.017352386805896004,0.006870044062503284,0.0026864227624703437,0.010211024074395631,0.0069858362155960614
578.25,0.017314879194760737,0.017314879194760737,0.006876797547074021,0.0026566286489850353,0.010192825056037219,0.00707213228138864
578.5,0.017277065954340236,0.017277065954340236,0.0068834407798133105,0.0026273178427261767,0.010174041454066947,0.007159168334049001
578.75,0.017238952454134867,0.017238952454134867,0.006889972809628223,0.0025984911713246204,0.010154675514656725,0.007246931301080636
579.0,0.0172005440401553,0.0172005440401553,0.006896392681635258,0.002570149386273293,0.010134729540633491,0.0073354080540023936
579.25,0.01716184603438534,0.01716184603438534,0.0069026994373050255,0.002542293163259836,0.010114205891275357,0.00742458541037347
579.5,0.01712286373425446,0.01712286373425446,0.006908892114607845,0.002514923102506609,0.010093106982105898,0.0075144501358157
579.75,0.017083602412121156,0.017083602412121156,0.006914969748162313,0.002488039729119743,0.01007143528468785,0.0076049889460327764
580.0,0.017044067314764554,0.017044067314764554,0.006920931369383965,0.002461643493445238,0.010049193326414366,0.007696188508825422
580.25,0.017003710743889962,0.017003710743889962,0.006926518627684892,0.002435593004026837,0.01002658774704108,0.007788098848801871
580.5,0.01696310007835528,0.01696310007835528,0.006931993971891896,0.0024100315402490746,0.010003424263742467,0.007880641583019498
580.75,0.016922240441263312,0.016922240441263312,0.006937356434376647,0.0023849593311277163,0.009979705495035062,0.007973803439290541
581.0,0.016881136927734283,0.016881136927734283,0.006942605044288326,0.002360376533228664,0.00995543411318317,0.008067571105241476
581.25,0.01683979460446499,0.01683979460446499,0.006947738827713804,0.0023362832310558817,0.009930612843997485,0.008161931230263658
581.5,0.016798218509296307,0.016798218509296307,0.006952756807839366,0.0023126794374466937,0.009905244466633031,0.008256870427460407
581.75,0.016756413650789725,0.016756413650789725,0.006957658005113537,0.0022895650939736513,0.009879331813384932,0.008352375275589534
582.0,0.016714385007813876,0.016714385007813876,0.0069624414374120855,0.002266940071354168,0.009852877769483315,0.008448432320998749
582.25,0.01667213752913893,0.01667213752913893,0.006967106120203704,0.002244804169866017,0.009825885272886213,0.008545028079558379
582.5,0.01662967613304247,0.01662967613304247,0.006971651066717942,0.0022231571197713854,0.009798357314072111,0.008642149038585161
582.75,0.01658700570692131,0.01658700570692131,0.006976075288113736,0.0022019985817458994,0.009770296935830144,0.00873978165876323
583.0,0.0165441311069156,0.0165441311069156,0.0069803777936498276,0.0021813281473154374,0.009741707233049039,0.008837912376056158
583.25,0.016501057157539047,0.016501057157539047,0.006984557590856221,0.002161145339299179,0.009712591352505472,0.008936527603614505
583.5,0.01645778865131996,0.01645778865131996,0.0069886136857074945,0.0021414496122591133,0.009682952492649966,0.009035613733675743
583.75,0.016414330348450697,0.016414330348450697,0.006992545082796133,0.0021222403529558165,0.009652793903392274,0.009135157139457456
584.0,0.016370686976444733,0.016370686976444733,0.006996350785508681,0.002103516880810887,0.009622118885884746,0.009235144177044024
584.25,0.016326863229805165,0.016326863229805165,0.007000029796201945,0.0020852784483751177,0.009590930792304797,0.009335561187264401
584.5,0.0162828637696983,0.0162828637696983,0.007003581116380929,0.00206752424180331,0.009559233025636061,0.009436394497564622
584.75,0.016238693223638852,0.016238693223638852,0.0070070037468772765,0.0020502533813340387,0.009527029039446995,0.009537630423870892
585.0,0.016194356185183122,0.016194356185183122,0.007010296688030013,0.0020334649217768576,0.009494322337670363,0.009639255272444787
585.25,0.01614985721362856,0.01614985721362856,0.007013458939865926,0.0020171578530038246,0.009461116474378846,0.009741255341731996
585.5,0.016105200833725398,0.016105200833725398,0.007016489502282127,0.0020013311004478352,0.009427415053561171,0.009843616924199874
585.75,0.016060391535392595,0.016060391535392595,0.007019387375228951,0.0019859835256057726,0.009393221728895763,0.009946326308169797
586.0,0.016015433773446667,0.016015433773446667,0.007022151558894358,0.001971113926547815,0.009358540203523565,0.010049369779637652
586.25,0.01597033196733328,0.01597033196733328,0.007024781053888549,0.001956721038431523,0.009323374229819369,0.010152733624088021
586.5,0.015925090500873252,0.015925090500873252,0.00702727486143062,0.0019428035340219516,0.00928772760916153,0.010256404128297312
586.75,0.01587971372201191,0.01587971372201191,0.007029631983534923,0.0019293600242164997,0.009251604191700612,0.010360367582129233
587.0,0.015834205942577274,0.015834205942577274,0.007031851423199012,0.0019163890585749317,0.009215007876126557,0.010464610280319841
587.25,0.01578857143804988,0.01578857143804988,0.007033932184592547,0.001903889125854879,0.009177942609434341,0.010569118524252937
587.5,0.015742814447335312,0.015742814447335312,0.007035873273246121,0.0018918586545515574,0.009140412386688718,0.010673878623726733
587.75,0.015696939172548593,0.015696939172548593,0.007037673696242229,0.0018802960134431976,0.009102421250786566,0.01077887689870982
588.0,0.015650949778804327,0.015650949778804327,0.007039332462405582,0.0018691995121403885,0.009063973292219208,0.010884099681086782
588.25,0.015604850394015818,0.015604850394015818,0.007040848582494883,0.0018585674016407623,0.009025072648832209,0.010989533316394743
588.5,0.015558645108701401,0.015558645108701401,0.007042221069395702,0.0018483978748878769,0.008985723505584658,0.011095164165548189
588.75,0.015512337975797888,0.015512337975797888,0.007043448938312621,0.0018386890673346308,0.008945930094306175,0.011200978606554966
589.0,0.01546593301048273,0.01546593301048273,0.0070445312069639795,0.0018294390575113774,0.00890569669345326,0.011306963036219812
589.25,0.015419434190002971,0.015419434190002971,0.007045466895775134,0.001820645867597826,0.008865027627864348,0.011413103871838266
589.5,0.015372845453511773,0.015372845453511773,0.007046255028073845,0.0018123074639994049,0.00882392726851231,0.011519387552879975
589.75,0.015326170701912296,0.015326170701912296,0.0070468946302857756,0.0018044217579278822,0.0087824000322573,0.011625800542659591
590.0,0.015279413797709435,0.015279413797709435,0.00704738473212996,0.001796986605985817,0.00874045038159661,0.011732329329998284
590.25,0.015232233516274956,0.015232233516274956,0.007047600975038336,0.0017898948138244182,0.008698377627157593,0.011839033280136144
590.5,0.015184985863848918,0.015184985863848918,0.007047671254687886,0.0017832504726178675,0.008655895797230586,0.01194582906810855
590.75,0.015137674540398112,0.015137674540398112,0.007047594604450335,0.0017770512972416568,0.008613009395098166,0.012052703417646731
591.0,0.015090303206949384,0.015090303206949384,0.00704737006127183,0.0017712949507859858,0.00856972296796446,0.012159643083219176
591.25,0.015042875485484055,0.015042875485484055,0.007046996665872669,0.0017659790451477187,0.008526041106711017,0.012266634851610022
591.5,0.014995394958841566,0.014995394958841566,0.007046473462946361,0.0017611011416263076,0.008481968445652063,0.012373665543483552
591.75,0.014947865170627413,0.014947865170627413,0.007045799501360543,0.0017566587515227246,0.008437509662286872,0.012480722014940103
592.0,0.014900289625129827,0.014900289625129827,0.007044973834356497,0.0017526493367412837,0.00839266947705257,0.012587791159057964
592.25,0.014852671787241815,0.014852671787241815,0.007043995519750535,0.0017490703103956189,0.008347452653073883,0.012694859907425225
592.5,0.014805015082389506,0.014805015082389506,0.00704286362013456,0.0017459190374166501,0.00830186399591245,0.012801915231658885
592.75,0.0147573228964681,0.0147573228964681,0.007041577203076959,0.0017431928351639451,0.008255908353314753,0.01290894414491298
593.0,0.014709598575783547,0.014709598575783547,0.007040135341324354,0.0017408889740403912,0.008209590614957825,0.013015933703373925
593.25,0.014661845427000095,0.014661845427000095,0.007038537113002922,0.0017390046781087746,0.008162915712194197,0.013122871007745191
593.5,0.014614066717094894,0.014614066717094894,0.007036781601819965,0.0017375371257119885,0.008115888617795984,0.013229743204717839
593.75,0.014566265673318823,0.014566265673318823,0.0070348678972658165,0.0017364834500952296,0.008068514345695893,0.013336537488431511
594.0,0.01451844548316287,0.01451844548316287,0.007032795094815855,0.0017358407400312106,0.008020797950728723,0.013443241101921485
594.25,0.014470609294330378,0.014470609294330378,0.0070305622961319555,0.001735606040447296,0.007972744528369706,0.013549841338553824
594.5,0.014422760214717088,0.014422760214717088,0.0070281686092650494,0.00173577635305564,0.007924359214473214,0.013656325543448457
594.75,0.014374901312394568,0.014374901312394568,0.007025613148856887,0.0017363486369851575,0.007875647185008251,0.013762681114890641
595.0,0.014327035615601726,0.014327035615601726,0.0070228950363422195,0.0017373198094161664,0.007826613655793938,0.013868895505728259
595.25,0.014279166112740906,0.014279166112740906,0.00702001340015058,0.0017386867462164581,0.007777263882232804,0.013974956224758571
595.5,0.014231295752380165,0.014231295752380165,0.00701696737590863,0.0017404462825801796,0.007727603159042995,0.01408085083810125
595.75,0.01418342744326129,0.01418342744326129,0.007013756106641664,0.001742595213668332,0.00767763681998891,0.014186566970559493
596.0,0.014135564054313163,0.014135564054313163,0.007010378742975828,0.0017451302952511626,0.007627370237610315,0.014292092306968493
596.25,0.01408770841467148,0.01408770841467148,0.007006834443339587,0.001748048244352334,0.007576808822950474,0.014397414593530954
596.5,0.014039863313702928,0.014039863313702928,0.007003122374165321,0.0017513457398950502,0.007525958025282265,0.01450252163914101
596.75,0.013992031501035675,0.013992031501035675,0.006999241710090873,0.0017550194233496089,0.007474823331833562,0.014607401316693674
597.0,0.013944215686594482,0.013944215686594482,0.006995191634160771,0.0017590658993827315,0.0074234102675101174,0.014712041564384156
597.25,0.013896418540642537,0.013896418540642537,0.006990971338027004,0.0017634817365080476,0.0073717243946183255,0.014816430386992116
597.5,0.013848642693826265,0.013848642693826265,0.006986580022150362,0.0017682634677384495,0.007319771312585912,0.014920555857154204
597.75,0.01380089073722851,0.01380089073722851,0.006982016896000484,0.0017734075912395062,0.0072675566576805685,0.015024406116624775
598.0,0.013753165222423284,0.013753165222423284,0.006977281178256269,0.0017789105709841166,0.007215086102728583,0.015127969377521746
598.25,0.013705468661538853,0.013705468661538853,0.006972372097006449,0.0017847688374086276,0.007162365356830762,0.015231233923561962
598.5,0.01365780352732322,0.01365780352732322,0.006967288889948215,0.001790978788069639,0.007109400165077653,0.015334188111282178
598.75,0.013610172253217189,0.013610172253217189,0.0069620308045876735,0.0017975367883022262,0.0070561963082629445,0.015436820371248237
599.0,0.01356257723342939,0.01356257723342939,0.006956597098438129,0.0018044391718790105,0.007002759602596002,0.015539119209250909
599.25,0.013515020823019077,0.013515020823019077,0.006950987039219257,0.001811682241670039,0.00694909589941179,0.015641073207489187
599.5,0.013467505337981377,0.013467505337981377,0.006945199905054662,0.001819262270303512,0.006895211084880989,0.015742671025741055
599.75,0.013420033055338922,0.013420033055338922,0.006939234984670506,0.0018271755008272973,0.006841111079717506,0.015843901402521125
600.0,0.013372606213236837,0.013372606213236837,0.006933091577592252,0.001835418147371058,0.006786801838884584,0.015944753156225608
600.25,0.013325032862453517,0.013325032862453517,0.006926753164462279,0.001843920364476541,0.006732612207836078,0.016045367153731206
600.5,0.013277514673911538,0.013277514673911538,0.006920239491667802,0.001852746113365207,0.006678226761561602,0.01614558618944016
600.75,0.013230053730060065,0.013230053730060065,0.0069135498728027924,0.0018618915498457844,0.006623651456959894,0.01624539941848517
601.0,0.013182652075061701,0.013182652075061701,0.006906683632631057,0.0018713528035450594,0.006568892283708671,0.016344796078605728
601.25,0.013135311714913141,0.013135311714913141,0.0068996401072817706,0.001881125978561339,0.00651395526397501,0.01644376549121811
601.5,0.013088034617570878,0.013088034617570878,0.006892418644445314,0.0018912071541191235,0.0064588464521242684,0.01654229706247154
601.75,0.013040822713079433,0.013040822713079433,0.0068850186035682975,0.0019015923852233904,0.006403571934427072,0.016640380284294043
602.0,0.01299367789370494,0.01299367789370494,0.0068774393560474024,0.001912277703314273,0.006348137828765669,0.016738004735424288
602.25,0.012946602014072795,0.012946602014072795,0.006869680285423455,0.00192325911692175,0.006292550284338135,0.016835160082431556
602.5,0.01289959689130851,0.01289959689130851,0.006861740787574415,0.0019345326123202265,0.006236815481361943,0.016931836080723774
602.75,0.012852664305182863,0.012852664305182863,0.006853620270907836,0.0019460941541833447,0.00618093963077502,0.017028022575543554
603.0,0.012805805998260858,0.012805805998260858,0.006845318156552635,0.0019579396862382933,0.006124928973936471,0.01712370950295173
603.25,0.012759023676055272,0.012759023676055272,0.006836833878550438,0.001970065131920219,0.006068789782325384,0.01721888689079737
603.5,0.012712319007181892,0.012712319007181892,0.006828166884045506,0.0019824663950261338,0.006012528357238036,0.017313544859678495
603.75,0.012665693623521422,0.012665693623521422,0.006819316633475257,0.0019951393603689516,0.005956151029484174,0.01740767362388841
604.0,0.012619149120381744,0.012619149120381744,0.0068102826007583744,0.0020080798944304133,0.005899664159081294,0.017501263492350597
604.25,0.01257268705666685,0.01257268705666685,0.006801064273483894,0.0020212838460143953,0.0058430741349483,0.01759430486954181
604.5,0.012526308955047144,0.012526308955047144,0.006791661153098186,0.002034747046899037,0.005786387374596913,0.017686788256402734
604.75,0.01248001630213427,0.01248001630213427,0.006782072755092079,0.0020484653124888275,0.005729610323822253,0.01777870425123783
605.0,0.012433810548658643,0.012433810548658643,0.006772298609186152,0.00206243444246557,0.005672749456391652,0.017870043550601088
605.25,0.012387693109651153,0.012387693109651153,0.006762338259516874,0.0020766502214392478,0.005615811273732318,0.017960796950172525
605.5,0.012341665364628272,0.012341665364628272,0.006752191264820013,0.002091108419597529,0.005558802304617846,0.018050955345620182
605.75,0.012295728657778825,0.012295728657778825,0.006741857198614652,0.0021058047933549305,0.005501729104852518,0.01814050973345322
606.0,0.012249884298156204,0.012249884298156204,0.006731335649385339,0.002120735086000959,0.005444598256954912,0.01822945121186054
606.25,0.012204133559871919,0.012204133559871919,0.006720626220764392,0.0021358950283473085,0.005387416369840189,0.018317770981539756
606.5,0.012158477682293905,0.012158477682293905,0.006709728531712345,0.002151280339374257,0.005330190078500338,0.018405460346512876
606.75,0.012112917870246123,0.012112917870246123,0.006698642216698161,0.002166886726875685,0.005272926043683766,0.018492510714932003
607.0,0.012067455294212496,0.012067455294212496,0.006687366925877881,0.0021827098881035136,0.005215630951573072,0.0185789135998726
607.25,0.012022091090543219,0.012022091090543219,0.0066759023252730785,0.0021987455104104593,0.005158311513461494,0.018664660620114876
607.5,0.011976826361664611,0.011976826361664611,0.006664248096948134,0.0022149892718921795,0.005100974465428408,0.01874974350091484
607.75,0.011931662176290476,0.011931662176290476,0.006652403939185959,0.0022314368420275656,0.005043626568012796,0.018834154074762896
608.0,0.011886599569638083,0.011886599569638083,0.006640369566663543,0.002248083882318316,0.004986274605885954,0.018917884282132227
608.25,0.011841639543645059,0.011841639543645059,0.006628144710625921,0.00226492604692672,0.0049289253875224965,0.019000926172214654
608.5,0.011796783067190711,0.011796783067190711,0.00661572911905978,0.0022819589833123557,0.004871585744870197,0.0190832719036462
608.75,0.011752031076319017,0.011752031076319017,0.006603122556865364,0.0022991783328669977,0.004814262533018421,0.01916491374522109
609.0,0.01170738447446355,0.01170738447446355,0.0065903248060273836,0.0023165797315484794,0.004756962629865179,0.019245844076595
609.25,0.011662844132677083,0.011662844132677083,0.0065773356657857236,0.002334158810512632,0.0046996929357830475,0.019326055388977144
609.5,0.011618410889861765,0.011618410889861765,0.006564154952804111,0.0023519111967437523,0.0046424603732835145,0.01940554028581039
609.75,0.011574085553002848,0.011574085553002848,0.006550782501338038,0.0023698325136833195,0.004585271886680351,0.019484291483442155
610.0,0.011529868897403551,0.011529868897403551,0.006537218163401615,0.002387918381857459,0.0045281344417511795,0.01956230181178396
610.25,0.011485673665832754,0.011485673665832754,0.006523525593913752,0.0024061420995314265,0.004471351828909334,0.019639825469628374
610.5,0.011441592516741036,0.011441592516741036,0.0065096444552331665,0.002424523793414669,0.004414633090538711,0.019716601094403662
610.75,0.011397626101194741,0.011397626101194741,0.006495574625608211,0.002443059099644688,0.0043579851620534505,0.019792621892133388
611.0,0.011353775039727673,0.011353775039727673,0.006481316001366214,0.002461743653732003,0.004301414999016724,0.019867881183161545
611.25,0.011310039922588264,0.011310039922588264,0.006466868497075916,0.002480573091170419,0.004244929576805878,0.019942372402754125
611.5,0.011266421309987586,0.011266421309987586,0.006452232045708476,0.002499543048044893,0.00418853589027609,0.020016089101692884
611.75,0.011222919732350548,0.011222919732350548,0.00643740659879842,0.0025186491616379725,0.00413224095342296,0.020089024946857405
612.0,0.011179535690567934,0.011179535690567934,0.006422392126601945,0.002537887071033828,0.004076051799043252,0.020161173721797748
612.25,0.01113626965625095,0.01113626965625095,0.006407188618254831,0.002557252417720658,0.004019975478395032,0.020232529327296717
612.5,0.011093122071988615,0.011093122071988615,0.006391796081929526,0.0025767408461906532,0.0039640190608564154,0.020303085781921647
612.75,0.011050093351604623,0.011050093351604623,0.0063762145449900495,0.0025963480045380722,0.003908189633583045,0.020372837222566918
613.0,0.01100718388041885,0.01100718388041885,0.006360444054146419,0.002616069545054975,0.0038524943011640435,0.020441777904986507
613.25,0.010964394015508291,0.010964394015508291,0.006344484675607499,0.00263590112482514,0.003796940185277186,0.020509902204315908
613.5,0.010921724085971122,0.010921724085971122,0.006328336495232855,0.0026558384063154303,0.0037415344243427046,0.020577204615585373
613.75,0.010879174393192052,0.010879174393192052,0.006311999618683005,0.0026758770579647256,0.003686284173175968,0.020643679754222103
614.0,0.010836745211108945,0.010836745211108945,0.006295474171568728,0.0026960127547710415,0.003631196602638619,0.020709322356544168
614.25,0.010794436786481634,0.010794436786481634,0.006278760299598896,0.0027162411788760814,0.003576278899289184,0.02077412728024391
614.5,0.010752249339162268,0.010752249339162268,0.006261858168727051,0.002736558020147176,0.003521538265031787,0.020838089504861847
614.75,0.010710183062366601,0.010710183062366601,0.006244767965296812,0.002756958976757244,0.0034669819167644756,0.02090120413225138
615.0,0.010668238122947527,0.010668238122947527,0.006227489896185772,0.0027774397557618702,0.0034126170860257167,0.02096346638703382
615.25,0.010626414661669024,0.010626414661669024,0.006210024188948107,0.0027979960736742517,0.0033584510186399526,0.02102487161704453
615.5,0.010584712793482855,0.010584712793482855,0.006192371091956066,0.0028186236570375183,0.003304490974362576,0.02108541529376906
615.75,0.01054313260780566,0.01054313260780566,0.006174530874539784,0.002839318242994146,0.0032507442265228698,0.021145093012770406
616.0,0.010501674168797544,0.010501674168797544,0.006156503827126152,0.0028600755798535477,0.0031972180616666097,0.02120390049410698
616.25,0.010460337515642501,0.010460337515642501,0.006138290261375856,0.0028808914276562433,0.003143919779197183,0.021261833582741908
616.5,0.01041912266282881,0.01041912266282881,0.006119890510319229,0.002901761558735833,0.0030908566910156717,0.021318888248942423
616.75,0.010378029600432272,0.010378029600432272,0.00610130492849088,0.002922681758278309,0.0030380361211602164,0.02137506058867087
617.0,0.010337058294399492,0.010337058294399492,0.0060825338920629515,0.0029436478248782713,0.0029854654054437694,0.02143034682396654
617.25,0.010296208686832876,0.010296208686832876,0.006063577798976735,0.0029646555710928385,0.0029331518910912092,0.021484743303318676
617.5,0.010255480696275994,0.010255480696275994,0.006044437069072422,0.002985700823992711,0.0028811029363751822,0.021538246502030622
617.75,0.010214874218001142,0.010214874218001142,0.006025112144219119,0.0030067794257099077,0.002829325910251504,0.02159085302257505
618.0,0.01017438912429669,0.01017438912429669,0.006005603488441201,0.0030278872339834953,0.002777828191992591,0.021642559594940925
618.25,0.010134025264756487,0.010134025264756487,0.005985911588044949,0.003049020122701853,0.0027266171708205775,0.021693363076970937
618.5,0.01009378246656952,0.01009378246656952,0.005966036951742731,0.003070173982442356,0.0026757002455395865,0.02174326045469165
618.75,0.010053660534810743,0.010053660534810743,0.0059459801107763985,0.003091344721007663,0.0026250848241665286,0.021792248842633324
619.0,0.01001365925273292,0.01001365925273292,0.005925741619038854,0.0031125282639599783,0.0025747783235612956,0.02184032548414294
619.25,0.00997377838205893,0.00997377838205893,0.005905322053193974,0.003133720555151308,0.00252478816905583,0.021887487751687692
619.5,0.009934017663275254,0.009934017663275254,0.005884722012795454,0.0031549175572515463,0.0024751217940825244,0.021933733147151312
619.75,0.009894376815926378,0.009894376815926378,0.005863942120404106,0.003176115252272824,0.002425786639801573,0.021979059302119353
620.0,0.009854855538909215,0.009854855538909215,0.005842983021703253,0.003197309642091603,0.002376790154727391,0.02202346397815994
620.25,0.009815437523837693,0.009815437523837693,0.005821963997853719,0.0032185212155564445,0.0023283737196063067,0.02206732093931703
620.5,0.009776141386414465,0.009776141386414465,0.005800769637679016,0.00323972400501443,0.002280307552678153,0.02211025886137094
620.75,0.009736966741659761,0.009736966741659761,0.0057794006223777636,0.003260914085709563,0.00223259904159548,0.02215227587733211
621.0,0.009697913185261461,0.009697913185261461,0.005757857656453327,0.003282087554423221,0.0021852555801773177,0.022193370249588746
621.25,0.009658980293871888,0.009658980293871888,0.0057361414678239854,0.003303240529974929,0.0021382845680395354,0.022233540370147978
621.5,0.00962016762540402,0.00962016762540402,0.0057142528079309075,0.00332436915372071,0.002091693410224644,0.02227278476086873
621.75,0.00958147471932841,0.00958147471932841,0.005692192451844927,0.0033454695900476386,0.002045489516830492,0.02231110207368718
622.0,0.009542901096971004,0.009542901096971004,0.005669961198371719,0.003366538026865838,0.00199968030263839,0.022348491090833162
622.25,0.009504446261811019,0.009504446261811019,0.005647559870155067,0.003387570676096951,0.0019542731867404836,0.02238495072504136
622.5,0.009466109699779235,0.009466109699779235,0.005624989313779275,0.003408563774159634,0.0019092755921661603,0.022420480019751717
622.75,0.009427890879556937,0.009427890879556937,0.005602250399869508,0.003429513582451474,0.0018646949455082074,0.02245507814930487
623.0,0.009389789252874649,0.009389789252874649,0.00557934402319045,0.0034504163878284664,0.0018205386765475305,0.022488744419128452
623.25,0.009351804254811897,0.009351804254811897,0.005556271102743784,0.003471268503080049,0.0017768142178779336,0.02252147826591636
623.5,0.009313935304096467,0.009313935304096467,0.005533032581863999,0.003492066267402235,0.001733529004529615,0.02255327925780028
623.75,0.009276181803404907,0.009276181803404907,0.005509629428312194,0.0035128060468662408,0.0016906904735924815,0.022584147094514343
624.0,0.00923854313966202,0.00923854313966202,0.005486062634368942,0.0035334842348848086,0.0016483060638384677,0.022614081607551195
624.25,0.009201018684341809,0.009201018684341809,0.005462333216924825,0.0035540972526742864,0.0016063832153434183,0.022643082760311992
624.5,0.00916360779376779,0.00916360779376779,0.005438442217570103,0.003574641549714256,0.0015649293691083488,0.022671150648247772
624.75,0.009126309809413343,0.009126309809413343,0.005414390702682138,0.003595113604203434,0.0015239519666801315,0.02269828549899467
625.0,0.009089124058202868,0.009089124058202868,0.0053901797635114105,0.0036155099235117482,0.0014834584497714816,0.02272448767250089
625.25,0.009052049852812796,0.009052049852812796,0.005365810516266064,0.0036358270446300335,0.0014434562598806184,0.02274975766114724
625.5,0.009015086491971979,0.009015086491971979,0.0053412841021946884,0.003656061534615343,0.0014039528379102063,0.0227740960898587
625.75,0.008978233260763285,0.008978233260763285,0.005316601687667304,0.0036762099910334707,0.0013649556237859193,0.022797503716212
626.0,0.008941489430923827,0.008941489430923827,0.005291764464254784,0.003696269042398,0.0013264720560745066,0.022819981430532807
626.25,0.008904854261146932,0.008904854261146932,0.005266773648807108,0.0037162353486056045,0.0012885095716013795,0.02284153025598691
626.5,0.008868326997381982,0.008868326997381982,0.005241630483528689,0.0037361056013681423,0.0012510756050674572,0.022862151348665333
626.75,0.008831906873135972,0.008831906873135972,0.005216336236053841,0.003755876524641207,0.001214177588666415,0.022881845997660858
627.0,0.008795593109774087,0.008795593109774087,0.005190892199518767,0.0037755448750493473,0.0011778229517004075,0.022900615625137996
627.25,0.008759384916820278,0.008759384916820278,0.005165299692633154,0.003795107442307508,0.001142019120196443,0.022918461786396317
627.5,0.008723281492257639,0.008723281492257639,0.0051395600597491905,0.0038145610496393167,0.0011067735165215546,0.022935386169926495
627.75,0.008687282022828997,0.008687282022828997,0.005113674670929999,0.0038339025541916805,0.0010720935589984654,0.022951390597459043
628.0,0.008651385684337046,0.008651385684337046,0.005087644922014946,0.003853128847445683,0.0010379866615201024,0.02296647702400638
628.25,0.008615591641943724,0.008615591641943724,0.005061472234684363,0.0038722368556244452,0.0010044602331643387,0.02298064753789826
628.5,0.008579899050470779,0.008579899050470779,0.005035158056522161,0.0038912235400969256,0.0009715216778084685,0.02299390436080939
628.75,0.00854430705469826,0.00854430705469826,0.005008703861076652,0.003910085897778535,0.0009391783937430339,0.023006249847781563
629.0,0.008508814789664405,0.008508814789664405,0.004982111147919968,0.003928820961527779,0.0009074377732859515,0.023017686487236913
629.25,0.008473421380963887,0.008473421380963887,0.004955381442705203,0.0039474258005401655,0.000876307202395987,0.023028216900986484
629.5,0.008438125945046566,0.008438125945046566,0.004928516297222411,0.003965897520737122,0.0008457940602862897,0.02303784384422968
629.75,0.008402927589515904,0.008402927589515904,0.004901517289452778,0.0039842332651530595,0.0008159057190377539,0.02304657020554913
630.0,0.008367825413425742,0.008367825413425742,0.004874386023620442,0.004002430214317229,0.0007866495432120434,0.02305439900689766
630.25,0.008332852417961447,0.008332852417961447,0.004847267422742415,0.004020553233166059,0.0007581659920642865,0.023061781136521697
630.5,0.008297975892016213,0.008297975892016213,0.0048200211960653695,0.004038534249928145,0.0007303245498492531,0.023068277000260918
630.75,0.008263194892504534,0.008263194892504534,0.004792648989889507,0.004056370557786378,0.0007031324955579394,0.023073889959861225
631.0,0.008228508469029549,0.008228508469029549,0.004765152476767868,0.004074059488464071,0.0006765970996061475,0.023078623508983744
631.25,0.008193915664175804,0.008193915664175804,0.004737533355551808,0.004091598412587496,0.0006507256234537676,0.02308248127316542
631.5,0.00815941551380277,0.00815941551380277,0.004709793351435004,0.0041089847400442685,0.000625525319223787,0.023085467009769326
631.75,0.008125007047336211,0.008125007047336211,0.004681934215995471,0.004126215920338923,0.000601003429321324,0.02308758460793122
632.0,0.008090689288060789,0.008090689288060789,0.004653957727235953,0.004143289442944287,0.0005771671860528434,0.023088838088498792
632.25,0.008056461253410772,0.008056461253410772,0.004625865689622346,0.004160202837649441,0.0005540238112450752,0.023089231603962264
632.5,0.008022321955260937,0.008022321955260937,0.004597659934120704,0.004176953674904253,0.0005315805158644471,0.023088769438381635
632.75,0.007988270400216217,0.007988270400216217,0.004569342318232289,0.004193539566160137,0.0005098444996361946,0.023087456007304073
633.0,0.00795430558990153,0.00795430558990153,0.004540914726026685,0.004209958164207236,0.0004888229506638322,0.023085295857677057
633.25,0.007920426521250192,0.007920426521250192,0.0045123790681735375,0.004226207163508007,0.0004685230450486865,0.023082293667753565
633.5,0.00788663218679217,0.00788663218679217,0.00448373728197209,0.004242284300527078,0.0004489519465095488,0.02307845424699075
633.75,0.007852921574941574,0.007852921574941574,0.004454991331379392,0.004258187354057842,0.0004301168060026364,0.023073782535942475
634.0,0.007819293670283133,0.007819293670283133,0.0044261432070361335,0.0042739141455449,0.0004120247613416982,0.023068283606144633
634.25,0.007785747453858673,0.007785747453858673,0.004397194926291388,0.004289462539403167,0.0003946829368182969,0.02306196265999391
634.5,0.007752281903451782,0.007752281903451782,0.004368148533224989,0.004304830443333506,0.0003780984428224374,0.023054825030620653
634.75,0.007718895993873008,0.007718895993873008,0.00433900609866846,0.004320015808634327,0.00036227837546356454,0.02304687618175346
635.0,0.007685588697243322,0.007685588697243322,0.00430976972022394,0.004335016630509859,0.0003472298161917064,0.023038121707578758
635.25,0.007652358983277094,0.007652358983277094,0.004280441522281399,0.004349830948374495,0.00033295983141900517,0.023028567332592054
635.5,0.007619205819564647,0.007619205819564647,0.00425102365603415,0.00436445684615379,0.00031947547214174004,0.023018218911444684
635.75,0.007586128171852995,0.007586128171852995,0.0042215182994923715,0.004378892452581702,0.0003067837735626336,0.02300708242878103
636.0,0.0075531250043273275,0.0075531250043273275,0.0041919276574948474,0.004393135941494011,0.0002948917547135841,0.022995163999071488
636.25,0.007520195279890196,0.007520195279890196,0.004162253961719163,0.004407185532118123,0.0002838064180788911,0.022982469866437486
636.5,0.007487337960440273,0.007487337960440273,0.004132499470689593,0.004421039489359684,0.0002735347492189447,0.02296900640446996
636.75,0.007454552007150849,0.007454552007150849,0.004102666469783641,0.0044346961240845926,0.00026408371639437153,0.022954780116040522
637.0,0.007421836380746606,0.007421836380746606,0.004072757271236605,0.004448153793398421,0.0002554602701907953,0.02293979763310719
637.25,0.007389190041779663,0.007389190041779663,0.0040427742141440825,0.00446141090092111,0.0002476713431440814,0.022924065716512194
637.5,0.007356611950905569,0.007356611950905569,0.004012719664463049,0.004474465897058997,0.00024072384936618717,0.022907591255772835
637.75,0.007324101069156839,0.007324101069156839,0.0039825960150109176,0.004487317279272386,0.00023462468417162634,0.022890381268866906
638.0,0.007291656358216906,0.007291656358216906,0.003952405685462632,0.00449996359233995,0.00022938072370457113,0.022872442902008985
638.25,0.007259276780692262,0.007259276780692262,0.003922151122346035,0.00451240342861901,0.00022499882456661425,0.022853783429422715
638.5,0.007226961300384168,0.007226961300384168,0.0038918347990357697,0.004524635428302707,0.00022148582344522753,0.022834410253102722
638.75,0.0071947088825588855,0.0071947088825588855,0.0038614592157445284,0.004536658279672909,0.00021884853674296068,0.022814330902574193
639.0,0.007162518494217269,0.007162518494217269,0.0038310268995134277,0.004548470719349744,0.00021709376020730958,0.022793553034639525
639.25,0.007130389104363199,0.007130389104363199,0.003800540404199598,0.0045600715325376205,0.00021622826856149716,0.02277208443312472
639.5,0.007098319684270895,0.007098319684270895,0.0037700023104626436,0.004571459553267225,0.00021625881513586014,0.022749933008612395
639.75,0.007066309207751631,0.007066309207751631,0.0037394152257491224,0.004582633664633698,0.00021719213150033311,0.02272710679817327
640.0,0.007034356651418172,0.007034356651418172,0.00370878178427473,0.004593592799032071,0.00021903492709748578,0.022703613965086494
640.25,0.007002526414005521,0.007002526414005521,0.0036782512019148256,0.0046044386586003285,0.00022181552690647292,0.02267994411025535
640.5,0.006970753548355773,0.006970753548355773,0.003647679889846951,0.004615069462178373,0.0002255133382239444,0.022655626870874523
640.75,0.006939037025198142,0.006939037025198142,0.003617070524978686,0.0046254842768755095,0.00023013496232844667,0.022630670698897272
641.0,0.00690737581909924,0.00690737581909924,0.0035864258107983172,0.004635682219562529,0.0002356869775147022,0.022605084170303935
641.25,0.0068757689087200055,0.0068757689087200055,0.003555748477350127,0.00464566245708799,0.00024217593873572828,0.02257887598479713
641.5,0.006844215277074318,0.006844215277074318,0.003525041281208408,0.004655424206490894,0.00024960837724588916,0.022552054965489083
641.75,0.006812713911783028,0.006812713911783028,0.0034943070054493882,0.0046649667352097616,0.0002579908002450533,0.022524630058582094
642.0,0.006781263805330143,0.006781263805330143,0.003463548459621409,0.004674289361288464,0.00026732969052368366,0.022496610333042445
642.25,0.006749863955315093,0.006749863955315093,0.003432768479712939,0.004683391453577667,0.0002776315061091248,0.022468004980265258
642.5,0.006718513364705911,0.006718513364705911,0.0034019699281192333,0.00469227243193305,0.00028890267991272135,0.022438823313734476
642.75,0.0066872110420897616,0.0066872110420897616,0.0033711556936069625,0.004700931767410217,0.0003011496193784018,0.02240907476867385
643.0,0.006655956001923516,0.006655956001923516,0.003340328691276721,0.004709368982455574,0.00031437870613208643,0.022378768901691843
643.25,0.006624747264782001,0.006624747264782001,0.003309491862524091,0.004717583651093551,0.00032859629563239114,0.022347915390417847
643.5,0.0065935838576056515,0.0065935838576056515,0.003278648174998515,0.004725575399110329,0.0003438087168226519,0.022316524033132633
643.75,0.006562464813947016,0.006562464813947016,0.0032478006225608188,0.004733343904234089,0.00036002227178387973,0.022284604748389166
644.0,0.006531389174215707,0.006531389174215707,0.0032169522252380525,0.004740888896311441,0.0003772432353893018,0.022252167574629746
644.25,0.006500355985922357,0.006500355985922357,0.0031861060291773773,0.004748210157480064,0.0003954778549599103,0.02221922266979072
644.5,0.006469364303920913,0.006469364303920913,0.0031552651065977024,0.0047553075223381825,0.000414732349921517,0.022185780310903996
644.75,0.00643841319065045,0.00643841319065045,0.003124432555739115,0.004762180878110227,0.00043501291146302493,0.022151850893688714
645.0,0.0064075017163747845,0.0064075017163747845,0.003093611500811241,0.004768830164808358,0.00045632570219603005,0.022117444932135744
645.25,0.006376628959421572,0.006376628959421572,0.0030628050919391707,0.004775255375391422,0.00047867685581603683,0.02208257305808549
645.5,0.0063457940064195716,0.0063457940064195716,0.003032016505107507,0.004781456555919257,0.0005020724767648293,0.02204724602079615
645.75,0.0063149959525350295,0.0063149959525350295,0.0030012489421029948,0.004787433805703949,0.0005265186398944857,0.022011474686506403
646.0,0.006284233901706286,0.006284233901706286,0.002970505630455061,0.004793187277457308,0.0005520213901326785,0.02197527003798904
646.25,0.006253506966877761,0.006253506966877761,0.002939789823374244,0.004798717177434794,0.0005785867421497253,0.021938643174097258
646.5,0.006222814270231693,0.006222814270231693,0.002909104799689263,0.004804023765575657,0.0006062206800269195,0.021901605309302637
646.75,0.0061921549434193635,0.0061921549434193635,0.0028784538637818763,0.004809107355639861,0.0006349291569266052,0.02186416777322656
647.0,0.006161528127790575,0.006161528127790575,0.0028478403455200764,0.004813968315340641,0.0006647180947637406,0.02182634201016187
647.25,0.006130932974621752,0.006130932974621752,0.002817267600189276,0.004818607066474315,0.0006955933838791288,0.021788139578588345
647.5,0.006100368645342801,0.006100368645342801,0.002786739008421685,0.004823024085045874,0.0007275608827142346,0.021749572150679405
647.75,0.006069834311762788,0.006069834311762788,0.0027562579761241305,0.004827219901391451,0.0007606264174877461,0.021710651511800152
648.0,0.006039329156293704,0.006039329156293704,0.002725827934403454,0.00483119510029625,0.0007947957818737054,0.021671389559998804
648.25,0.006008852372173153,0.006008852372173153,0.002695452339490579,0.0048349503211102445,0.0008300747366815959,0.021631798305489586
648.5,0.005978403163686069,0.005978403163686069,0.0026651346726625147,0.0048384862578590366,0.0008664690095378228,0.021591889870126165
648.75,0.0059479807463839705,0.0059479807463839705,0.0026348784401624293,0.004841803659351793,0.0009039842945694653,0.021551676486868943
649.0,0.0059175843473041785,0.0059175843473041785,0.002604687173118127,0.004844903329285331,0.0009426262520892093,0.021511170499242685
649.25,0.005887213205186144,0.005887213205186144,0.0025745644274582998,0.0048477861263446255,0.0009824005082827896,0.02147038436078662
649.5,0.0058568665706876435,0.0058568665706876435,0.002544513783827464,0.004850452964299694,0.0010233126548976667,0.021429330634495446
649.75,0.005826543706598696,0.005826543706598696,0.0025145388474984535,0.004852904812098852,0.0010653682489341135,0.021388021992253772
650.0,0.00579624388805435,0.00579624388805435,0.002484643248283602,0.0048551426939586195,0.001108572812337892,0.021346471214259394
650.25,0.005766051235102049,0.005766051235102049,0.0024549633320084903,0.00485729457775054,0.0011528392692181282,0.021305164048737033
650.5,0.005735881195166851,0.005735881195166851,0.002425369393636312,0.004859235972446152,0.0011982596594242905,0.021263640488537003
650.75,0.005705733066008905,0.005705733066008905,0.002395865099607868,0.004860968043164851,0.0012448393792753457,0.02122191352966379
651.0,0.005675606158511561,0.005675606158511561,0.0023664541405109193,0.004862492010233281,0.0012925837894779634,0.02117999627341825
651.25,0.005645499796886761,0.005645499796886761,0.0023371402309844626,0.004863809149258693,0.0013414982148311435,0.02113790192578956
651.5,0.005615413318877246,0.005615413318877246,0.002307927109621398,0.004864920791198805,0.0013915879439333877,0.021095643796840362
651.75,0.0055853460759585916,0.0055853460759585916,0.0022788185388692025,0.004865828322427567,0.001442858228891388,0.021053235300083573
652.0,0.0055552974335387455,0.0055552974335387455,0.0022498183049289556,0.004866533184798379,0.0014953142850308106,0.021010689951849647
652.25,0.0055252667711568355,0.0055252667711568355,0.002220930217652335,0.004867036875702679,0.0015489612906096856,0.020968021370645126
652.5,0.0054952534826802355,0.0054952534826802355,0.0021921581104370398,0.004867340948125716,0.0016038043865333161,0.0209252432765041
652.75,0.005465256976499834,0.005465256976499834,0.0021635058401200924,0.004867447010698384,0.0016598486760717203,0.020882369490328984
653.0,0.005435276675724309,0.005435276675724309,0.0021349772868698197,0.004867356727745773,0.0017170992245787396,0.020839413933224086
653.25,0.005405312018372788,0.005405312018372788,0.0021065763540754207,0.004867071819331893,0.0017755610592141442,0.020796390625818874
653.5,0.005375362457565363,0.005375362457565363,0.002078306968235195,0.004866594061301145,0.0018352391686672438,0.020753313687584596
653.75,0.005345427461713227,0.005345427461713227,0.0020501730788428617,0.004865925285315917,0.0018961385028828963,0.020710197336139543
654.0,0.005315506514706262,0.005315506514706262,0.00202217865827179,0.004865067378890928,0.001958263972789991,0.020667055886547925
654.25,0.005285599116099846,0.005285599116099846,0.00199432770165795,0.004864022285423904,0.0020216204500319063,0.020623903750607103
654.5,0.005255704781299112,0.005255704781299112,0.001966624226780631,0.004862792004222419,0.002086212766699809,0.020580755436128702
654.75,0.005225823041743287,0.005225823041743287,0.0019390722739415242,0.004861378590528064,0.002152045715067528,0.020537625546208763
655.0,0.005195953445086788,0.005195953445086788,0.0019116759058422112,0.004859784155535825,0.0022191240473292545,0.020494528778489507
655.25,0.005166095555379998,0.005166095555379998,0.0018844392074592509,0.004858010866410907,0.002287452475339798,0.02045147992441205
655.5,0.005136248953247541,0.005136248953247541,0.001857366285918434,0.0048560609463014996,0.0023570356703566694,0.020408493868460234
655.75,0.0051064132360659495,0.0051064132360659495,0.0018304612703662828,0.004853936674348396,0.002427878262785335,0.02036558558739461
656.0,0.005076588018139232,0.005076588018139232,0.001803728311840604,0.004851640385690488,0.00249998484192595,0.02032277014947846
656.25,0.005046772930872608,0.005046772930872608,0.0017771715831386304,0.0048491744714673525,0.0025733599557234573,0.020280062713693557
656.5,0.005016967622945239,0.005016967622945239,0.0017507952786837188,0.004846541378817764,0.002648008110520006,0.02023747852894733
656.75,0.004987171760481073,0.004987171760481073,0.0017246036143902554,0.004843743610874977,0.002723933770809385,0.020195032933270293
657.0,0.00495738502721848,0.00495738502721848,0.0016986008275268088,0.004840783726758398,0.0028011413589942623,0.020152741353004898
657.25,0.0049276071246774,0.0049276071246774,0.0016727911765773876,0.004837664341561616,0.0028796352551464788,0.020110619301984482
657.5,0.004897837772325925,0.004897837772325925,0.0016471789411009912,0.0048343881263368796,0.0029594197967691502,0.020068682380703244
657.75,0.004868076707744777,0.004868076707744777,0.0016217684215897087,0.004830957808076299,0.0030404992785618675,0.020026946275476916
658.0,0.004838323686790522,0.004838323686790522,0.0015965639393246244,0.00482737616968912,0.0031228779521882406,0.019985426757593332
658.25,0.0048085784837562495,0.0048085784837562495,0.001571569836230216,0.004823646049975702,0.0032065600260463172,0.01994413968245539
658.5,0.004778840891531901,0.004778840891531901,0.0015467904747269157,0.004819770343597859,0.0032915496650416554,0.019903100988711828
658.75,0.004749110721762331,0.004749110721762331,0.001522230237582219,0.004815752001045545,0.0033778509903629518,0.019862326697381912
659.0,0.004719387805003621,0.004719387805003621,0.0014978935277596426,0.0048115940286003675,0.0034654680792600375,0.019821832910967514
659.25,0.004689671990878304,0.004689671990878304,0.0014737847682663372,0.004807299488294999,0.0035544049648256948,0.019781635812557815
659.5,0.004659963148228143,0.004659963148228143,0.0014499084019986514,0.0048028714978696355,0.0036446656357789525,0.01974175166492419
659.75,0.004630261165266357,0.004630261165266357,0.0014262688915863144,0.0047983132307243305,0.003736254036251967,0.019702196809604274
660.0,0.004600565949727318,0.004600565949727318,0.0014028707192346676,0.004793627915868247,0.0038291740655791765,0.019662987665978435
660.25,0.004570971416195428,0.004570971416195428,0.0013798211225501237,0.00478895461714918,0.003923227695000816,0.019624554970034805
660.5,0.00454138402686248,0.00454138402686248,0.0013570203383370244,0.004784161318025453,0.004018614800580005,0.019586498110088175
660.75,0.004511803732437563,0.004511803732437563,0.0013344728732178925,0.0047792513804643735,0.004115339147208517,0.019548833622074317
661.0,0.004482230503658835,0.004482230503658835,0.0013121832528072825,0.004774228221511796,0.004213404454803662,0.019511578115756198
661.25,0.0044526643314347445,0.0044526643314347445,0.0012901560215482263,0.004769095313226133,0.004312814398111643,0.019474748273766926
661.5,0.004423105226984047,0.004423105226984047,0.001268395742547346,0.004763856182609052,0.004413572606514215,0.019438360850640827
661.75,0.0043935532219741,0.0043935532219741,0.0012469069974080664,0.004758514411532708,0.004515682663838025,0.019402432671835244
662.0,0.004364008368657364,0.004364008368657364,0.0012256943860623126,0.004753073636662977,0.00461914810816642,0.019366980632743804
662.25,0.004334470740006416,0.004334470740006416,0.0012047625266002357,0.004747537549379686,0.004723972431655152,0.01933202169769883
662.5,0.004304940429847248,0.004304940429847248,0.001184116055098925,0.004741909895693081,0.004830159080349734,0.01929757289896641
662.75,0.004275417552990753,0.004275417552990753,0.0011637596254487057,0.004736194476156941,0.004937711454006983,0.0192636513357286
663.0,0.0042459022453631996,0.0042459022453631996,0.001143697909178577,0.004730395145777875,0.005046632905917881,0.019230274173059777
663.25,0.004216394664134263,0.004216394664134263,0.0011239355952793286,0.004724515813921629,0.005156926742735415,0.01919745864089087
663.5,0.004186894987843562,0.004186894987843562,0.001104477390025531,0.004718560444215087,0.0052685962243037635,0.019165222032965723
663.75,0.004157403416526189,0.004157403416526189,0.001085328016795747,0.004712533054445583,0.005381644563490933,0.01913358170578661
664.0,0.004127920171835803,0.004127920171835803,0.00106649221589105,0.004706437716456106,0.005496074926024798,0.01910255507755118
664.25,0.004098445497166291,0.004098445497166291,0.0010479747443521124,0.004700278556037243,0.005611890430331344,0.01907215962708013
664.5,0.004068979657772034,0.004068979657772034,0.0010297803757744898,0.004694059752815595,0.005729094147377266,0.019042412892734457
664.75,0.00403952294088614,0.00403952294088614,0.0010119139001226705,0.004687785540138608,0.00584768910051393,0.01901333247132373
665.0,0.004010075655837355,0.004010075655837355,0.0009943801235421231,0.004681460204955697,0.0059676782653252745,0.018984936017005377
665.25,0.0039806381341648215,0.0039806381341648215,0.0009771838681701622,0.004675088087696432,0.006089064569479285,0.018957241240173978
665.5,0.00395121072973167,0.00395121072973167,0.0009603299719448745,0.0046686735821444445,0.006211850892581393,0.01893026590634181
665.75,0.003921793818836507,0.003921793818836507,0.0009438232884128761,0.004662221135308367,0.006336040066032054,0.01890402783500864
666.0,0.0038923878003238677,0.0038923878003238677,0.0009276686865352107,0.004655735247288889,0.006461634872886311,0.018878544898523485
666.25,0.0038629930956918844,0.0038629930956918844,0.000911871050491916,0.004649220471142709,0.006588638047717546,0.01885383502093669
666.5,0.0038336101491992488,0.0038336101491992488,0.0008964352794849909,0.0046426814127423785,0.00671705227648381,0.018829916176842834
666.75,0.003804239427970401,0.003804239427970401,0.0008813662875397903,0.004636122730633372,0.006846880196397243,0.018806806390213947
667.0,0.0037748814220983284,0.0037748814220983284,0.0008666690033049419,0.0046295491358864654,0.006978124395796792,0.018784523733223008
667.25,0.003745536644746478,0.003745536644746478,0.0008523483698508938,0.004622965391948372,0.007110787414023974,0.018763086325060244
667.5,0.0037162056322481664,0.0037162056322481664,0.0008384093444666163,0.004616376314486647,0.007244871741302415,0.018742512330737694
667.75,0.0036868889442053646,0.0036868889442053646,0.0008248568984552267,0.004609786771233116,0.007380379818619183,0.018722819959885974
668.0,0.0036575871635847277,0.0036575871635847277,0.0008116960169279601,0.00460320168182228,0.007517314037611005,0.018704027465542554
668.25,0.003628300896812413,0.003628300896812413,0.0007989316985965154,0.0045966260176271215,0.007655676740452196,0.01868615314292913
668.5,0.003599030773867263,0.003599030773867263,0.000786568955564243,0.004590064801590816,0.007795470219746923,0.018669215328221352
668.75,0.003569777448372058,0.003569777448372058,0.0007746128131155657,0.004583523108055388,0.007936696718424124,0.018653232397309386
669.0,0.003540541597683153,0.003540541597683153,0.0007630683095043252,0.004577006062586246,0.008079358429635234,0.018638222764549045
669.25,0.0035113239229785966,0.0035113239229785966,0.0007519404957403253,0.004570518841793596,0.00822345749665659,0.018624204881504337
669.5,0.0034821251493439894,0.0034821251493439894,0.0007412344353746064,0.004564066673150644,0.008368996012793188,0.018611197235680985
669.75,0.003452946025857349,0.003452946025857349,0.0007309552042835155,0.004557654834807063,0.00851597602128729,0.01859921834925189
670.0,0.0034237873256717424,0.0034237873256717424,0.0007211078904509479,0.00455128865540074,0.008664399515229324,0.01858828677777178
670.25,0.0033947385359253124,0.0033947385359253124,0.0007117541140909573,0.004545093893762815,0.00881398600895047,0.01857871163282509
670.5,0.003365711820846897,0.003365711820846897,0.000702840334628975,0.004538955097135963,0.008965014878825119,0.018570215714034468
670.75,0.0033367080097409883,0.0033367080097409883,0.0006943716481949142,0.0045328777081483345,0.009117487984303455,0.018562817569928745
671.0,0.0033077279562317837,0.0033077279562317837,0.0006863531622754,0.004526867218956994,0.009271407134897146,0.01855653577741238
671.25,0.003278772538338102,0.003278772538338102,0.000678789995491955,0.004520929171044241,0.009426774090104968,0.018551388940451406
671.5,0.0032498426585457867,0.0032498426585457867,0.0006716872773777403,0.004515069155010728,0.009583590559342235,0.018547395688753503
671.75,0.003220939243879097,0.003220939243879097,0.0006650501481529838,0.004509292810364889,0.009741858201872764,0.018544574676437997
672.0,0.0031920632459700535,0.0031920632459700535,0.0006588837584992426,0.004503605825309266,0.009901578626744557,0.01854294458069904
672.25,0.0031632156411259744,0.0031632156411259744,0.0006531932693323035,0.004498013936522728,0.010062753392729206,0.018542524100459902
672.5,0.0031343974303955757,0.0031343974303955757,0.0006479838515735213,0.004492522928940058,0.01022538400826275,0.01854333195501937
672.75,0.003105609639633041,0.003105609639633041,0.0006432606859203631,0.0044871386355268,0.01038947193139255,0.01854538688269026
673.0,0.0030768533195608383,0.0030768533195608383,0.0006390289626151875,0.004481866937051959,0.010555018569724654,0.018548707639430197
673.25,0.003048129545830328,0.003048129545830328,0.0006352938812130898,0.004476713761856207,0.010722025280376052,0.018553312997464096
673.5,0.0030194394190807823,0.0030194394190807823,0.0006320606503484084,0.004471685085617066,0.010890493369930485,0.018559221743899786
673.75,0.002990784064996976,0.002990784064996976,0.0006293344874998971,0.004466786931110696,0.011060424094395654,0.018566452679334672
674.0,0.0029621646343645953,0.0029621646343645953,0.0006271206187547649,0.004462025367969409,0.011231818659166233,0.018575024616456694
674.25,0.0029335823031246084,0.0029335823031246084,0.0006254242785715402,0.004457406512436958,0.011404678218987444,0.018584956378635508
674.5,0.0029050382724248153,0.0029050382724248153,0.0006242507095416478,0.004452936527119099,0.011579003877924344,0.018596266798509183
674.75,0.002876533768670973,0.002876533768670973,0.0006236051621497717,0.00444862162073165,0.011754796689332575,0.01860897471656088
675.0,0.002848070043574947,0.002848070043574947,0.0006234928945331944,0.004444468047844096,0.011932057655834032,0.018623098979690004
675.25,0.002819648374202388,0.002819648374202388,0.000623919172239743,0.004440482108620804,0.012110787729293655,0.018638658439775777
675.5,0.0027912700630174227,0.0027912700630174227,0.0006248892679847923,0.004436670148557723,0.012290987810801747,0.018655671952234335
675.75,0.0027629364379265853,0.0027629364379265853,0.0006264084614070785,0.004433038558216364,0.012472658750658262,0.018674158374567807
676.0,0.00273464885232066,0.00273464885232066,0.000628482038823297,0.004429593772953789,0.012655801348360115,0.018694136564908596
676.25,0.0027064086851145376,0.0027064086851145376,0.0006311152929816165,0.004426342272649512,0.012840416352593354,0.018715625380554594
676.5,0.0026782173407858692,0.0026782173407858692,0.0006343135228141966,0.004423290581428738,0.013026504461226074,0.01873864367650043
676.75,0.002650076249411458,0.002650076249411458,0.0006380820331885181,0.004420445267381961,0.01321406632130754,0.01876321030396014
677.0,0.002621986866702385,0.002621986866702385,0.0006424261346575927,0.004417812942281489,0.013403102529068029,0.018789344108884994
677.25,0.0025939506740370196,0.0025939506740370196,0.000647351143209354,0.004415400261294166,0.01359361362992339,0.018817063930474904
677.5,0.0025659691784925788,0.0025659691784925788,0.0006528623800147032,0.004413213922691062,0.013785600118482297,0.018846388599682705
677.75,0.0025380439128747058,0.0025380439128747058,0.0006589651711746257,0.004411260667552685,0.013979062438557077,0.018877336937714526
678.0,0.0025101764357456004,0.0025101764357456004,0.0006656648474665353,0.00440954727947263,0.014174000983177299,0.018909927754522306
678.25,0.002482368331450068,0.002482368331450068,0.0006729667440891618,0.004408080584255409,0.01437041609460685,0.018944179847292346
678.5,0.0024546212101400097,0.0024546212101400097,0.0006808762004067655,0.004406867449612799,0.014568308064364483,0.018980111998927244
678.75,0.0024269367077973183,0.0024269367077973183,0.0006893985596924859,0.004405914784855703,0.014767677133248,0.01901774297652294
679.0,0.0023993164862547707,0.0023993164862547707,0.0006985391688702556,0.004405229540583039,0.014968523491359749,0.019057091529840576
679.25,0.002371762233215306,0.002371762233215306,0.0007083033782562674,0.004404818708366883,0.01517084727813752,0.019098176389772733
679.5,0.002344275662269569,0.002344275662269569,0.0007186965412993109,0.004404689320434397,0.015374648582387341,0.019141016266805602
679.75,0.0023168585129116365,0.0023168585129116365,0.0007297240143200621,0.004404848449346065,0.015579927442320788,0.01918562984947578
680.0,0.0022895125505531105,0.0022895125505531105,0.0007413911562498015,0.004405303207671212,0.01578668384559329,0.019232035802821946
680.25,0.0022623224038005236,0.0022623224038005236,0.0007537105337335009,0.0044061588516961705,0.015994552055907222,0.019280409226389038
680.5,0.002235206630967013,0.002235206630967013,0.0007666775967380562,0.004407322995169976,0.01620389347237802,0.019330604700916482
680.75,0.002208167057448959,0.002208167057448959,0.0007802976893644348,0.00440880283033427,0.01641470796262048,0.01938264072794341
681.0,0.002181205534549929,0.002181205534549929,0.0007945761574748351,0.004410605588063794,0.016626995344326975,0.019436535779934334
681.25,0.0021543239394870507,0.0021543239394870507,0.0008095183484290774,0.00441273853752855,0.016840755385320136,0.019492308298725256
681.5,0.0021275241753950774,0.0021275241753950774,0.000825129610820572,0.004415208985852535,0.01705598780360859,0.019549976693964945
681.75,0.0021008081713293925,0.0021008081713293925,0.000841415294211264,0.004418024277769652,0.01727269226744571,0.019609559341553204
682.0,0.0020741778822669973,0.0020741778822669973,0.0008583807488656626,0.004421191795275306,0.017490868395390376,0.019671074582075208
682.25,0.002047635289105709,0.002047635289105709,0.0008760313254845767,0.004424718957275809,0.01771051575637278,0.019734540719233466
682.5,0.0020211823986614917,0.0020211823986614917,0.0008943723749375424,0.004428613219233151,0.017931633869761897,0.019799976018275746
682.75,0.001994821243664501,0.001994821243664501,0.0009134092479949673,0.004432882072807929,0.01815422220543681,0.01986739870442059
683.0,0.001968553882753099,0.001968553882753099,0.0009331472950592719,0.004437533045497612,0.018378280183860295,0.019936826961279904
683.25,0.0019423824004660393,0.0019423824004660393,0.0009535918658954559,0.004442573700272442,0.018603807176155635,0.020008278929279262
683.5,0.0019163089072332664,0.0019163089072332664,0.0009747483093610879,0.004448011635207444,0.018830802504187668,0.020081772704075688
683.75,0.0018903355393645501,0.0018903355393645501,0.0009966219731352933,0.004453854483111507,0.01905926544064477,0.02015732633497251
684.0,0.001864464459036773,0.001864464459036773,0.0010192182034474819,0.004460109911153085,0.019289195209126,0.020234957823333864
684.25,0.001838697854279386,0.001838697854279386,0.001042542344805221,0.004466785620482396,0.019520590984229053,0.020314685120995053
684.5,0.0018130379389578236,0.0018130379389578236,0.0010665997397215799,0.004473889345850968,0.019753451891643358,0.020396526128673913
684.75,0.0017874869527556958,0.0017874869527556958,0.001091395728441723,0.004481428855227044,0.01998777700824449,0.020480498694378114
685.0,0.0017620471611548684,0.0017620471611548684,0.001116935648669297,0.004489411949408806,0.02022356536219272,0.020566620611813486
685.25,0.0017367208554139296,0.0017367208554139296,0.001143224835291734,0.0044978464616330475,0.020460815933032967,0.0206549096187888
685.5,0.0017115103525450488,0.0017115103525450488,0.0011702686201054847,0.004506740257182141,0.02069952765179988,0.02074538339562221
685.75,0.0016864179952887659,0.0016864179952887659,0.0011980723315404838,0.004516101232986708,0.02093969940112412,0.020838059563545105
686.0,0.0016614461520875114,0.0016614461520875114,0.0012266412943840726,0.004525937317225106,0.021181330015341567,0.020932955683106276
686.25,0.0016365972170570024,0.0016365972170570024,0.0012559808295046838,0.004536256468920779,0.021424418280606553,0.021030089252575726
686.5,0.0016118736099560607,0.0016118736099560607,0.0012860962535747838,0.004547066677535126,0.02166896293500704,0.021129477706348022
686.75,0.0015872777761548101,0.0015872777761548101,0.0013169928787934429,0.004558375962557884,0.021914962668682703,0.02123113841334648
687.0,0.0015628121866008468,0.0015628121866008468,0.0013486760126086635,0.00457019237309441,0.022162416123947436,0.021335088675426328
687.25,0.0015384793377841816,0.0015384793377841816,0.0013811509574387937,0.004582523987449614,0.022411321895410195,0.021441345725780128
687.5,0.0015142817516997289,0.0015142817516997289,0.0014144230103943546,0.004595378912708826,0.022661678530105426,0.021549926727342354
687.75,0.0014902219758088139,0.0014902219758088139,0.001448497462998602,0.004608765284315586,0.02291348452762015,0.021660848771195673
688.0,0.0014663025829983664,0.0014663025829983664,0.001483379600908485,0.004622691265646477,0.023166738340227932,0.021774128874978593
688.25,0.0014425261715389202,0.0014425261715389202,0.0015190747036345727,0.0046371650475823,0.023421438373022182,0.0218897839812936
688.5,0.0014188953650403316,0.0014188953650403316,0.0015555880442613063,0.004652194848077386,0.023677582984055232,0.02200783095611753
688.75,0.001395412812406169,0.001395412812406169,0.0015929248891665324,0.004667788911723974,0.023935170484479264,0.02212828658721327
689.0,0.001372081187786191,0.001372081187786191,0.0016310904977409595,0.00468395550931601,0.024194199138688186,0.02225116758254464
689.25,0.001348903190527279,0.001348903190527279,0.0016700901221071505,0.004700702937407444,0.024454667164464795,0.02237649056869092
689.5,0.001325881545122395,0.001325881545122395,0.0017099290068385178,0.004718039517869211,0.02471657273312868,0.022504272089267238
689.75,0.0013030190011579688,0.0013030190011579688,0.0017506123886778698,0.004735973597442863,0.024979913969688225,0.022634528603344566
690.0,0.001280318333259625,0.001280318333259625,0.00179214549625604,0.004754513547290541,0.02524468895299374,0.022767276483874214
690.25,0.0012578439536178238,0.0012578439536178238,0.0018344876419135892,0.004773719662096772,0.02551050569376502,0.022902517335209937
690.5,0.0012355362738930248,0.0012355362738930248,0.0018776871332267765,0.004793546255183977,0.025777749373626077,0.023040273615164055
690.75,0.001213398126884687,0.001213398126884687,0.0019217491602953284,0.004814001734854835,0.02604641797141678,0.023180561377404006
691.0,0.0011914323701817,0.0011914323701817,0.001966678904217107,0.004835094532089828,0.026316509420750346,0.023323396584156844
691.25,0.001169641886100424,0.001169641886100424,0.0020124815368075806,0.004856833100087795,0.026588021610176916,0.023468795104661898
691.5,0.0011480295816212246,0.0011480295816212246,0.002059162220319406,0.004879225913802928,0.02686095238334951,0.023616772713626857
691.75,0.0011265983883232838,0.0011265983883232838,0.0021067261071612904,0.004902281469479199,0.027135299539191367,0.02376734508968908
692.0,0.001105351262317695,0.001105351262317695,0.002155178339617481,0.004926008284181919,0.0274110608320681,0.023920527813880568
692.25,0.0010842911841788528,0.0010842911841788528,0.002204524049566891,0.004950414895326531,0.02768823397195944,0.024076336368098618
692.5,0.001063421158874223,0.001063421158874223,0.0022547683582021,0.004975509860204368,0.027966816624635616,0.024234786133580793
692.75,0.001042744215692197,0.001042744215692197,0.0023059163757486565,0.005001301755506146,0.028246806411834923,0.02439589238938492
693.0,0.001022263408168478,0.001022263408168478,0.0023579732011843307,0.0050277991768425045,0.028528200911445065,0.02455967031087676
693.25,0.0010019818140107255,0.0010019818140107255,0.002410943921958106,0.00505501073826152,0.02881099765768382,0.024726134968219467
693.5,0.0009819025350213614,0.0009819025350213614,0.002464833613709573,0.005082945071764215,0.02909519414128617,0.024895301324873324
693.75,0.0009620286970189101,0.0009620286970189101,0.002519647339988431,0.005111610826816701,0.029380787809690445,0.0250671842360978
694.0,0.0009423634497573857,0.0009423634497573857,0.0025753901519738917,0.00514101666986016,0.02966777606722842,0.025241798447463826
694.25,0.0009229099668443475,0.0009229099668443475,0.0026320670881940676,0.005171171283818014,0.029956156275316614,0.025419158593369105
694.5,0.0009036714456567802,0.0009036714456567802,0.002689683174246172,0.005202083367600561,0.030245925752651687,0.025599279195562853
694.75,0.0008846511072557528,0.0008846511072557528,0.0027482434225161115,0.005233761635606964,0.03053708177540508,0.025782174661676274
695.0,0.0008658521962991868,0.0008658521962991868,0.0028077528318986023,0.0052662148172248815,0.03082962157742282,0.025967859283761642
695.25,0.0008472779809528768,0.0008472779809528768,0.002868216387517859,0.005299451656327337,0.031123542350426293,0.026156347236837258
695.5,0.0008289317528000134,0.0008289317528000134,0.002929639060447684,0.00533348091076724,0.0314188412442137,0.026347652577441715
695.75,0.0008108168267487852,0.0008108168267487852,0.00299202580743258,0.005368311351869334,0.03171551536686762,0.026541789242196228
696.0,0.0007929365409386138,0.0007929365409386138,0.0030553815706089353,0.005403951763920206,0.03201356178495956,0.026738771046373587
696.25,0.0007752942566444845,0.0007752942566444845,0.0031197112772260115,0.005440410943654785,0.032312977523760444,0.02693861168247769
696.5,0.0007578933581796365,0.0007578933581796365,0.00318501983936818,0.005477697699741772,0.0326137595674522,0.027141324718830406
696.75,0.0007407372527966556,0.0007407372527966556,0.0032513121536764484,0.005515820852265443,0.032915904859339505,0.027346923598168496
697.0,0.0007238293705868433,0.0007238293705868433,0.003318593101071385,0.005554789232206319,0.03321941030206803,0.027555421636249373
697.25,0.0007071731643780551,0.0007071731643780551,0.0033868675464753923,0.005594611680918798,0.033524272757837634,0.02776683202046431
697.5,0.0006907721096305122,0.0006907721096305122,0.003456140338536398,0.005635297049606311,0.03383048904862588,0.027981167808466198
697.75,0.0006746297043315147,0.0006746297043315147,0.003526416309351108,0.005676854198795087,0.03413805595640599,0.028198441926801366
698.0,0.0006587494688879596,0.0006587494688879596,0.0035977002741893675,0.005719291997805078,0.0344469702233725,0.028418667169557387
698.25,0.0006431349460175979,0.0006431349460175979,0.0036699970312185134,0.005762619324218659,0.034757228552163955,0.028641856197014707
698.5,0.000627789700638342,0.000627789700638342,0.003743311361228237,0.005806845063347315,0.03506882760609161,0.028868021534315964
698.75,0.0006127173197561666,0.0006127173197561666,0.0038176480273567183,0.005851978107696683,0.035381764009367656,0.029097175570140677
699.0,0.0005979214123512499,0.0005979214123512499,0.0038930117748159857,0.005898027356428496,0.03569603434733473,0.029329330555392663
699.25,0.0005834056092624168,0.0005834056092624168,0.003969407330619152,0.00594500171482144,0.03601163516670081,0.029564498601901718
699.5,0.0005691735630700711,0.0005691735630700711,0.004046839403307172,0.005992910093729334,0.03632856297577002,0.029802691681130596
699.75,0.0005552289479774748,0.0005552289479774748,0.004125312682676935,0.006041761409037684,0.03664681424468083,0.030043921622900253
700.0,0.0005415754596902098,0.0005415754596902098,0.00420483183950958,0.006091564581117977,0.036966385405643856,0.03028820011412288
